x_m,y_m,w_tr_right_m,w_tr_left_m
1.581577,-4.607811,1.573201,1.421626
1.482869,-4.592097,1.572278,1.423305
1.385007,-4.571791,1.582340,1.427328
1.288241,-4.546770,1.603077,1.433496
1.192806,-4.517062,1.611342,1.441738
1.098937,-4.482739,1.623591,1.451996
1.006812,-4.443964,1.642062,1.461692
0.917406,-4.399358,1.652851,1.461720
0.831552,-4.348204,1.674479,1.461130
0.750066,-4.290377,1.650147,1.459397
0.673030,-4.226718,1.573155,1.457170
0.601557,-4.156880,1.502388,1.453480
0.535875,-4.081547,1.436099,1.448669
0.476202,-4.001386,1.376213,1.440332
0.423029,-3.916776,1.326096,1.426987
0.375721,-3.828740,1.288104,1.413785
0.334423,-3.737736,1.263433,1.400881
0.299122,-3.644238,1.249230,1.388551
0.269470,-3.548792,1.219651,1.372499
0.245232,-3.451831,1.195472,1.356230
0.226016,-3.353743,1.176301,1.342065
0.211078,-3.254912,1.161392,1.325804
0.199970,-3.155576,1.150302,1.304410
0.192369,-3.055909,1.144637,1.286930
0.187706,-2.956059,1.150617,1.274120
0.185559,-2.856122,1.164860,1.266562
0.186531,-2.756172,1.185231,1.263751
0.189441,-2.656251,1.189465,1.260840
0.193150,-2.556357,1.193173,1.257130
0.197244,-2.456477,1.197268,1.253035
0.201103,-2.356588,1.201128,1.249174
0.204132,-2.256671,1.204157,1.246144
0.205512,-2.156719,1.205537,1.244763
0.204475,-2.056764,1.205188,1.245799
0.202997,-1.956812,1.207236,1.247276
0.200324,-1.856885,1.216331,1.249947
0.198632,-1.756940,1.234444,1.230519
0.198047,-1.656978,1.248113,1.214382
0.196677,-1.557028,1.246744,1.207125
0.194017,-1.457100,1.244083,1.207167
0.191110,-1.357179,1.241176,1.209783
0.188023,-1.257263,1.238089,1.212864
0.184824,-1.157351,1.234890,1.216057
0.181581,-1.057440,1.231646,1.219295
0.178362,-0.957528,1.233507,1.222509
0.175232,-0.857613,1.243517,1.225633
0.173773,-0.757662,1.263021,1.227090
0.171421,-0.657731,1.271855,1.229437
0.167499,-0.557844,1.267932,1.233353
0.163060,-0.457980,1.263491,1.237784
0.158171,-0.358136,1.258601,1.242664
0.152901,-0.258311,1.253329,1.247925
0.147316,-0.158504,1.247742,1.253499
0.141485,-0.058711,1.248252,1.259319
0.135474,0.041072,1.249045,1.265319
0.129350,0.140848,1.257695,1.265707
0.123182,0.240621,1.274064,1.249111
0.118514,0.340474,1.269404,1.238872
0.113685,0.440321,1.264583,1.236817
0.108600,0.540155,1.259507,1.241904
0.103349,0.639981,1.254265,1.247158
0.098022,0.739802,1.248947,1.252488
0.092709,0.839625,1.243786,1.257804
0.087498,0.939452,1.246748,1.263018
0.082480,1.039290,1.257865,1.268038
0.077744,1.139141,1.277010,1.272776
0.073381,1.239009,1.273688,1.277141
0.067644,1.338807,1.267957,1.282881
0.061794,1.438599,1.262111,1.288735
0.056086,1.538399,1.256409,1.294445
0.050590,1.638212,1.250918,1.299945
0.046034,1.738067,1.246365,1.293341
0.042619,1.837972,1.244655,1.275934
0.039193,1.937877,1.250945,1.266214
0.035846,2.037785,1.265205,1.264268
0.032669,2.137698,1.282695,1.267446
0.029751,2.237619,1.279778,1.270365
0.025373,2.337485,1.275401,1.274744
0.020744,2.437341,1.270773,1.279374
0.016146,2.537199,1.266175,1.283974
0.011646,2.637061,1.261676,1.288475
0.007312,2.736930,1.257343,1.292811
0.003210,2.836810,1.256513,1.296914
-0.000591,2.936701,1.263916,1.300716
-0.004023,3.036606,1.279472,1.304149
-0.005596,3.136555,1.294456,1.305722
-0.007557,3.236495,1.292496,1.304366
-0.010898,3.336402,1.289153,1.288201
-0.014480,3.436302,1.285571,1.279839
-0.018235,3.536195,1.281816,1.271999
-0.022094,3.636084,1.277956,1.272096
-0.025991,3.735971,1.274059,1.275992
-0.029858,3.835860,1.274996,1.279859
-0.033627,3.935753,1.283838,1.283629
-0.037232,4.035651,1.300488,1.287233
-0.039195,4.135593,1.311189,1.289196
-0.041013,4.235540,1.309371,1.291014
-0.043576,4.335467,1.306808,1.293577
-0.047648,4.435347,1.302735,1.297648
-0.052072,4.535213,1.298309,1.302073
-0.056783,4.635065,1.293598,1.306783
-0.061711,4.734907,1.288668,1.292039
-0.066790,4.834742,1.289888,1.279299
-0.071951,4.934572,1.298741,1.274380
-0.077129,5.034401,1.315139,1.277305
-0.080869,5.134293,1.320022,1.281042
-0.084619,5.234186,1.316277,1.284791
-0.088598,5.334071,1.312304,1.288767
-0.092715,5.433949,1.308193,1.292882
-0.096880,5.533826,1.304034,1.297044
-0.101003,5.633705,1.299917,1.301165
-0.104995,5.733588,1.296008,1.305155
-0.110482,5.833399,1.298304,1.310639
-0.116417,5.933186,1.307812,1.316570
-0.122448,6.032968,1.324723,1.322596
-0.128506,6.132747,1.321812,1.328650
-0.134526,6.232530,1.315798,1.333989
-0.140439,6.332318,1.309889,1.316391
-0.146180,6.432117,1.304154,1.306055
-0.151680,6.531929,1.298659,1.303085
-0.156872,6.631757,1.293471,1.307464
-0.161140,6.731625,1.289207,1.311726
-0.164028,6.831547,1.287877,1.314611
-0.166832,6.931471,1.294374,1.317411
-0.169460,7.031400,1.308669,1.320036
-0.172439,7.131316,1.327594,1.323012
-0.176678,7.231190,1.323356,1.327245
-0.180957,7.331062,1.319077,1.331519
-0.185210,7.430935,1.314826,1.335766
-0.189369,7.530812,1.310668,1.339920
-0.193366,7.630696,1.306671,1.343912
-0.197134,7.730588,1.302903,1.347676
-0.200606,7.830491,1.299432,1.344015
-0.203713,7.930406,1.299405,1.325842
-0.206389,8.030334,1.307474,1.314008
-0.209160,8.130256,1.322974,1.309814
-0.212995,8.230146,1.337046,1.313650
-0.215356,8.330080,1.334685,1.316012
-0.217571,8.430019,1.332470,1.318228
-0.219963,8.529954,1.330078,1.320620
-0.222465,8.629886,1.327576,1.323122
-0.225008,8.729817,1.325033,1.325666
-0.227525,8.829749,1.322516,1.328184
-0.229949,8.929683,1.324651,1.330609
-0.232212,9.029621,1.334452,1.332873
-0.234828,9.129547,1.346278,1.335489
-0.238788,9.229432,1.361562,1.339451
-0.242870,9.329312,1.357479,1.343535
-0.247029,9.429189,1.353319,1.347696
-0.251220,9.529065,1.349127,1.351889
-0.255398,9.628941,1.344948,1.356068
-0.259518,9.728820,1.340828,1.348528
-0.263535,9.828703,1.336810,1.332184
-0.267404,9.928591,1.332940,1.323063
-0.271080,10.028487,1.329264,1.321269
-0.274517,10.128392,1.325825,1.324707
-0.277672,10.228305,1.328709,1.327863
-0.280499,10.328229,1.339395,1.330690
-0.282952,10.428162,1.357743,1.333144
-0.284986,10.528105,1.365902,1.335179
-0.286556,10.628056,1.364334,1.336750
-0.287130,10.728014,1.363761,1.337324
-0.287733,10.827972,1.363159,1.337927
-0.289022,10.927927,1.361871,1.339217
-0.290569,11.027879,1.360325,1.340764
-0.292329,11.127827,1.358567,1.342525
-0.294257,11.227772,1.356641,1.344454
-0.296308,11.327714,1.354637,1.346505
-0.298436,11.427655,1.359921,1.348634
-0.300597,11.527595,1.372452,1.350796
-0.302746,11.627536,1.392079,1.352945
-0.304838,11.727478,1.395459,1.355037
-0.306826,11.827421,1.393471,1.357027
-0.308667,11.927368,1.391631,1.358868
-0.310315,12.027318,1.389984,1.360517
-0.311725,12.127272,1.388574,1.361927
-0.312852,12.227229,1.387448,1.363054
-0.314186,12.327180,1.386115,1.364389
-0.316824,12.427109,1.383478,1.367028
-0.319530,12.527036,1.380773,1.369734
-0.322280,12.626962,1.378025,1.372485
-0.325052,12.726887,1.376777,1.375259
-0.327824,12.826812,1.382774,1.378031
-0.330573,12.926738,1.395945,1.380781
-0.333277,13.026665,1.416112,1.383486
-0.335912,13.126594,1.414113,1.386122
-0.338457,13.226525,1.411568,1.388667
-0.340889,13.326459,1.409137,1.391100
-0.343186,13.426396,1.406840,1.393397
-0.345324,13.526337,1.404703,1.395536
-0.347281,13.626281,1.402746,1.397493
-0.349035,13.726229,1.400992,1.399248
-0.350563,13.826181,1.399464,1.400776
-0.351842,13.926137,1.398185,1.402056
-0.352851,14.026095,1.397176,1.403065
-0.353565,14.126056,1.396462,1.403780
-0.353964,14.226019,1.396063,1.404179
-0.354023,14.325982,1.396004,1.404679
-0.354172,14.425943,1.395854,1.406643
-0.355000,14.525903,1.395027,1.416353
-0.354993,14.625866,1.397991,1.432169
-0.354600,14.725828,1.408445,1.454324
-0.355989,14.825780,1.424101,1.455995
-0.357009,14.925738,1.443041,1.457015
-0.358991,15.025678,1.441059,1.462132
-0.361825,15.125600,1.438225,1.474868
-0.365907,15.225480,1.434142,1.495413
-0.370898,15.325318,1.429150,1.523124
-0.376095,15.425147,1.423952,1.548095
-0.380860,15.524996,1.419186,1.569988
-0.384638,15.624887,1.415408,1.596905
-0.386915,15.724823,1.413131,1.628111
-0.387199,15.824784,1.412847,1.662901
-0.385071,15.924722,1.414975,1.700661
-0.380021,16.024555,1.420023,1.732684
-0.371636,16.124161,1.428405,1.763026
-0.359513,16.223380,1.440523,1.791625
-0.343364,16.322021,1.456662,1.821436
-0.322513,16.419773,1.477501,1.851670
-0.296834,16.516367,1.503170,1.882071
-0.265588,16.611303,1.534413,1.911760
-0.228884,16.704266,1.571141,1.940677
-0.186599,16.794826,1.613504,1.968499
-0.137919,16.882114,1.662369,1.994110
-0.083500,16.965946,1.717146,2.014894
-0.023490,17.045866,1.776814,2.028966
0.042610,17.120829,1.830662,2.038178
0.113483,17.191293,1.887612,2.045719
0.189279,17.256412,1.949318,2.050867
0.269157,17.316482,1.896932,2.054391
0.352306,17.371938,1.853553,2.054399
0.438411,17.422670,1.819892,2.047239
0.527492,17.468002,1.792872,2.038782
0.618463,17.509415,1.764273,2.030855
0.711031,17.547133,1.744905,2.017545
0.805209,17.580603,1.722060,1.997146
0.900657,17.610297,1.700484,1.977645
0.996893,17.637326,1.687333,1.960292
1.093777,17.661929,1.682546,1.944228
1.191210,17.684263,1.665739,1.927377
1.289324,17.703356,1.649722,1.907617
1.387802,17.720523,1.641608,1.885470
1.486465,17.736594,1.640672,1.863205
1.585295,17.751605,1.646886,1.845031
1.684191,17.766176,1.633907,1.829868
1.783102,17.780641,1.619432,1.811754
1.882006,17.795155,1.608912,1.799069
1.980820,17.810269,1.603955,1.786876
2.079802,17.824217,1.606396,1.774306
2.178894,17.837376,1.612942,1.759557
2.278001,17.850425,1.599879,1.746769
2.377106,17.863494,1.586796,1.731325
2.476188,17.876734,1.573541,1.719429
2.575223,17.890319,1.559942,1.713640
2.674384,17.902948,1.552312,1.712709
2.773562,17.915451,1.551227,1.704485
2.872802,17.927447,1.557083,1.698009
2.972030,17.939539,1.561144,1.697501
3.071414,17.950273,1.550397,1.685768
3.170813,17.960875,1.539784,1.669678
3.270397,17.969501,1.531150,1.655574
3.370003,17.977925,1.522719,1.647220
3.469633,17.986079,1.514559,1.644639
3.569337,17.993272,1.507361,1.643876
3.669021,18.000721,1.499907,1.629529
3.768729,18.007850,1.492773,1.620910
3.868504,18.013971,1.486649,1.617420
3.968265,18.020308,1.486558,1.616835
4.068046,18.026337,1.493481,1.601948
4.167863,18.031729,1.507646,1.592567
4.267641,18.037805,1.512648,1.590117
4.367464,18.043105,1.507353,1.593168
4.467330,18.047515,1.502948,1.583067
4.567177,18.052281,1.498186,1.573839
4.667031,18.056970,1.493501,1.565750
4.766916,18.060925,1.489550,1.562307
4.866818,18.064384,1.486093,1.553199
4.966686,18.068757,1.481724,1.538422
5.066575,18.072607,1.477878,1.529524
5.166485,18.075865,1.474621,1.526540
5.266414,18.078465,1.472023,1.529141
5.366324,18.081681,1.468810,1.532358
5.466227,18.085158,1.465335,1.535837
5.566142,18.088268,1.462228,1.523340
5.666069,18.090964,1.459534,1.507857
5.766007,18.093203,1.457297,1.498437
5.865955,18.094938,1.455563,1.495150
5.965912,18.096123,1.454378,1.496336
6.065873,18.096715,1.453786,1.496928
6.165826,18.098001,1.452501,1.498215
6.265775,18.099669,1.450835,1.499883
6.365729,18.101101,1.449403,1.482738
6.465685,18.102276,1.448229,1.466632
6.565645,18.103171,1.447334,1.456941
6.665591,18.104870,1.445637,1.454878
6.765542,18.106478,1.444030,1.456486
6.865501,18.107319,1.443189,1.457327
6.965465,18.107392,1.428338,1.457400
7.065425,18.106697,1.410179,1.456706
7.165378,18.105235,1.399711,1.455244
7.265322,18.103308,1.396803,1.453317
7.365282,18.102469,1.397642,1.452478
7.465239,18.101345,1.398766,1.451354
7.565193,18.099960,1.400151,1.449969
7.665143,18.098336,1.401775,1.448345
7.765090,18.096495,1.403616,1.446505
7.865032,18.094460,1.405651,1.444470
7.964972,18.092254,1.407858,1.442264
8.064907,18.089898,1.410213,1.418755
8.164840,18.087417,1.412695,1.399665
8.264775,18.085089,1.415024,1.387684
8.364732,18.083984,1.416128,1.384067
8.464683,18.082390,1.417722,1.382473
8.564626,18.080352,1.401493,1.380434
8.664559,18.077914,1.386175,1.377995
8.764484,18.075121,1.378311,1.375202
8.864399,18.072020,1.377983,1.372100
8.964334,18.069741,1.380261,1.369821
9.064272,18.067502,1.382500,1.367581
9.164196,18.064669,1.385333,1.364748
9.264103,18.061311,1.388691,1.361389
9.363993,18.057495,1.392507,1.362310
9.463868,18.053289,1.396713,1.370154
9.563729,18.048760,1.401242,1.384868
9.663578,18.043977,1.406025,1.394410
9.763418,18.039006,1.388927,1.389437
9.863252,18.033915,1.377545,1.384343
9.963083,18.028771,1.373417,1.379197
10.062915,18.023641,1.376540,1.374065
10.162751,18.018594,1.381585,1.369015
10.262637,18.014755,1.385422,1.365174
10.362545,18.011423,1.388752,1.361841
10.462449,18.007956,1.392218,1.358373
10.562350,18.004444,1.392162,1.354860
10.662243,18.000737,1.373580,1.351151
10.762067,17.995477,1.363648,1.345889
10.861944,17.991322,1.359899,1.341732
10.961793,17.986548,1.364106,1.336956
11.061616,17.981246,1.369402,1.331651
11.161415,17.975505,1.375135,1.325907
11.261203,17.969610,1.373564,1.326240
11.361052,17.964833,1.357177,1.335196
11.460871,17.959457,1.348622,1.350918
11.560662,17.953594,1.347937,1.354422
11.660431,17.947356,1.353182,1.348196
11.760183,17.940855,1.359686,1.341708
11.859925,17.934203,1.366342,1.335069
11.959724,17.928526,1.359182,1.329403
12.059549,17.923267,1.344542,1.324270
12.159361,17.917773,1.337468,1.326438
12.259168,17.912180,1.337947,1.336002
12.358900,17.905446,1.344685,1.351784
12.458633,17.898702,1.351431,1.349006
12.558381,17.892138,1.357997,1.342449
12.658095,17.885082,1.348399,1.335401
12.757783,17.877668,1.337211,1.329540
12.857454,17.870030,1.333669,1.330957
12.957176,17.863134,1.336866,1.340589
13.056784,17.854716,1.345284,1.354751
13.156329,17.845583,1.354417,1.345622
13.255820,17.835872,1.343622,1.338853
13.355355,17.826656,1.335589,1.340027
13.454903,17.817550,1.334903,1.348740
13.554394,17.807847,1.342282,1.357874
13.653848,17.797769,1.352352,1.347793
13.753420,17.788927,1.359988,1.343246
13.852940,17.779524,1.346205,1.345566
13.952427,17.769781,1.340102,1.354935
14.052038,17.761387,1.340087,1.361655
14.151609,17.752536,1.347965,1.358443
14.251156,17.743423,1.350809,1.362316
14.350655,17.733796,1.338511,1.371439
14.450077,17.723412,1.334373,1.374173
14.549440,17.712469,1.338273,1.370174
14.648931,17.702760,1.347992,1.374697
14.748364,17.692475,1.346755,1.385857
14.847746,17.681714,1.337413,1.391429
14.947025,17.670037,1.335927,1.395132
15.046300,17.658338,1.341930,1.405927
15.145576,17.646639,1.353641,1.408399
15.244847,17.634915,1.350533,1.406338
15.344019,17.622414,1.343816,1.410591
15.443014,17.608543,1.345896,1.412150
15.542071,17.595122,1.354916,1.409373
15.641166,17.581981,1.349595,1.413960
15.740278,17.568975,1.344676,1.425693
15.839301,17.555304,1.347846,1.438030
15.938315,17.541562,1.358456,1.443354
16.037168,17.526709,1.351235,1.446697
16.135915,17.511165,1.350176,1.450964
16.234660,17.495621,1.356504,1.462068
16.333240,17.479059,1.371129,1.472073
16.431739,17.462013,1.370350,1.482519
16.530020,17.443763,1.373192,1.490608
16.628167,17.424793,1.383995,1.499969
16.725912,17.403867,1.397588,1.504587
16.823492,17.382171,1.410748,1.512048
16.920897,17.359699,1.412234,1.514328
17.017808,17.335217,1.422820,1.519447
17.114214,17.308794,1.432195,1.517254
17.210128,17.280632,1.440649,1.519836
17.305505,17.250700,1.457748,1.527126
17.400173,17.218633,1.483566,1.538656
17.493784,17.183574,1.503844,1.535577
17.586536,17.146307,1.522824,1.536546
17.678448,17.107006,1.550144,1.541807
17.769149,17.065006,1.571595,1.549931
17.858425,17.020043,1.585830,1.555834
17.946453,16.972690,1.593601,1.551440
18.032871,16.922451,1.594103,1.540354
18.117422,16.869131,1.598025,1.532107
18.200265,16.813198,1.592788,1.527238
18.281282,16.754653,1.591891,1.525716
18.359848,16.692868,1.579279,1.517246
18.435902,16.627999,1.556642,1.508416
18.509877,16.560780,1.543289,1.492244
18.581070,16.490628,1.528758,1.476941
18.648587,16.416921,1.498205,1.463199
18.713108,16.340571,1.470821,1.452215
18.774445,16.261665,1.440785,1.439785
18.831475,16.179585,1.419385,1.422061
18.884574,16.094905,1.396514,1.399718
18.933837,16.007936,1.366585,1.376873
18.978462,15.918497,1.343002,1.355808
19.017672,15.826558,1.324381,1.335964
19.053336,15.733185,1.304777,1.313337
19.084086,15.638080,1.288535,1.285128
19.110567,15.541702,1.277973,1.259844
19.132656,15.444224,1.268138,1.237643
19.150276,15.345842,1.250587,1.216209
19.164611,15.246918,1.236302,1.194457
19.175667,15.147574,1.225279,1.166419
19.183066,15.047893,1.217897,1.138645
19.186666,14.948002,1.214303,1.115392
19.186411,14.848045,1.200913,1.096931
19.182265,14.748173,1.189654,1.083498
19.174253,14.648536,1.182714,1.075323
19.162601,14.549259,1.178387,1.063650
19.147667,14.450422,1.171178,1.057802
19.129615,14.352109,1.175631,1.058222
19.107274,14.254688,1.179618,1.063690
19.081526,14.158109,1.179775,1.063572
19.051699,14.062709,1.181933,1.062581
19.018180,13.968536,1.189218,1.067094
18.981904,13.875396,1.192511,1.077970
18.942153,13.783691,1.191520,1.093087
18.898192,13.693920,1.203480,1.097074
18.850949,13.605842,1.215541,1.106157
18.800031,13.519830,1.228873,1.119960
18.745417,13.436117,1.254270,1.138154
18.687033,13.354985,1.267316,1.154212
18.624060,13.277360,1.276574,1.164561
18.558031,13.202314,1.295609,1.170932
18.489106,13.129941,1.317131,1.179273
18.416455,13.061299,1.338811,1.190753
18.340836,12.995937,1.347200,1.206086
18.261979,12.934533,1.359532,1.221585
18.180266,12.876961,1.376585,1.228094
18.095766,12.823570,1.390499,1.231314
18.009004,12.773961,1.368475,1.237033
17.920017,12.728437,1.350476,1.244848
17.829495,12.686050,1.327449,1.249219
17.737383,12.647226,1.306983,1.252134
17.643534,12.612810,1.287956,1.245557
17.548792,12.580939,1.279185,1.242258
17.453150,12.551885,1.262640,1.239317
17.356806,12.525241,1.252689,1.231733
17.259867,12.500855,1.253008,1.229904
17.162090,12.480068,1.251233,1.232500
17.063962,12.461004,1.250454,1.241352
16.965538,12.443533,1.258522,1.233805
16.866885,12.427408,1.261735,1.232970
16.768065,12.412330,1.267284,1.232711
16.668953,12.399343,1.267045,1.224601
16.569774,12.386838,1.269481,1.221421
16.470634,12.374041,1.274399,1.219230
16.371336,12.362563,1.269189,1.208128
16.271977,12.351604,1.272359,1.204720
16.172640,12.340438,1.283126,1.209799
16.073296,12.329334,1.287909,1.220914
15.973934,12.318388,1.292354,1.220216
15.874619,12.307030,1.304057,1.210487
15.775304,12.295683,1.306424,1.208961
15.676102,12.283382,1.310735,1.216637
15.576939,12.270785,1.320855,1.229238
15.477722,12.258618,1.311414,1.241410
15.378541,12.246134,1.309240,1.237921
15.279312,12.234037,1.315072,1.230585
15.180183,12.221164,1.325247,1.232129
15.080926,12.209333,1.324925,1.240701
14.981618,12.197927,1.325413,1.252102
14.882470,12.185186,1.332081,1.253022
14.783296,12.172648,1.322826,1.247484
14.684241,12.159217,1.314776,1.250839
14.585238,12.145395,1.313907,1.256804
14.486049,12.133008,1.322063,1.267236
14.386757,12.121445,1.322023,1.278783
14.287423,12.110240,1.310805,1.265870
14.188168,12.098383,1.305668,1.261366
14.088948,12.086220,1.307863,1.265079
13.989664,12.074588,1.318191,1.276103
13.890436,12.062505,1.313231,1.284647
13.791118,12.051198,1.301953,1.273202
13.691688,12.040889,1.292066,1.268544
13.592339,12.029847,1.289136,1.272486
13.493053,12.018234,1.293372,1.282411
13.393729,12.006940,1.305591,1.293720
13.294351,11.996142,1.296416,1.294352
13.194912,11.985917,1.286204,1.283393
13.095588,11.974642,1.274946,1.281224
12.996049,11.965430,1.267460,1.284775
12.896485,11.956502,1.268122,1.293709
12.796881,11.948036,1.277094,1.302181
12.697229,11.940156,1.290185,1.295855
12.597679,11.931072,1.281104,1.285193
12.498015,11.923403,1.273438,1.280839
12.398263,11.916907,1.266943,1.283101
12.298555,11.909815,1.259853,1.290193
12.198896,11.902018,1.252059,1.279955
12.099215,11.894508,1.247726,1.268994
11.999502,11.887430,1.248778,1.265422
11.899904,11.878891,1.251645,1.271194
11.800283,11.870631,1.262722,1.279450
11.700514,11.864395,1.264428,1.263742
11.600737,11.858281,1.258313,1.252687
11.501009,11.851481,1.251511,1.250246
11.401344,11.843769,1.243797,1.256691
11.301670,11.836156,1.236182,1.264293
11.201980,11.828775,1.228800,1.269270
11.102263,11.821760,1.221784,1.252671
11.002601,11.814048,1.214070,1.244608
10.902883,11.807042,1.207063,1.243839
10.803176,11.799888,1.204628,1.250999
10.703470,11.792718,1.210456,1.250696
10.603755,11.785667,1.224561,1.235359
10.503976,11.779666,1.229958,1.226942
10.404258,11.772686,1.222975,1.227621
10.304518,11.766051,1.216336,1.234260
10.204750,11.759805,1.210087,1.229205
10.105016,11.753031,1.203310,1.214818
10.005210,11.747429,1.197706,1.207381
9.905353,11.742819,1.193095,1.207206
9.805500,11.738181,1.194788,1.211845
9.705760,11.731541,1.202814,1.218487
9.605968,11.725706,1.219802,1.209022
9.506102,11.721312,1.229971,1.193560
9.406201,11.717755,1.242273,1.185510
9.306293,11.714446,1.262635,1.185615
9.206394,11.710847,1.288636,1.189213
9.106524,11.706523,1.308755,1.174352
9.006757,11.700407,1.334354,1.161767
8.907210,11.691310,1.352872,1.160695
8.807899,11.679947,1.374003,1.170467
8.708919,11.665995,1.399469,1.184387
8.610390,11.649156,1.428727,1.177822
8.512418,11.629334,1.459125,1.180579
8.415480,11.605008,1.487558,1.196291
8.319792,11.576106,1.516557,1.224546
8.225288,11.543540,1.537086,1.254767
8.132008,11.507619,1.560319,1.267587
8.040232,11.468014,1.585716,1.291902
7.949885,11.425258,1.613628,1.326559
7.861342,11.378885,1.643347,1.371249
7.774825,11.328825,1.674575,1.421186
7.690992,11.274424,1.706327,1.455642
7.610289,11.215449,1.735244,1.500101
7.532934,11.152161,1.761969,1.554319
7.459395,11.084487,1.785785,1.617431
7.389718,11.012844,1.806956,1.688051
7.324810,10.936842,1.823686,1.763316
7.264979,10.856796,1.837711,1.842173
7.210591,10.772940,1.850491,1.915444
7.163324,10.684884,1.860383,1.994546
7.122301,10.593748,1.868666,2.078072
7.087989,10.499886,1.875040,2.166510
7.060281,10.403874,1.879789,2.258734
7.039584,10.306112,1.882621,2.353970
7.026075,10.207100,1.883460,2.451413
7.019592,10.107376,1.882540,2.550294
7.019998,10.007433,1.880030,2.594066
7.027486,9.907767,1.872541,2.499080
7.041663,9.808842,1.858359,2.406944
7.062399,9.711080,1.840702,2.318396
7.089092,9.614773,1.822263,2.233989
7.121763,9.520318,1.802962,2.154617
7.160584,9.428218,1.782528,2.081417
7.205152,9.338766,1.760935,2.007416
7.254747,9.251997,1.734343,1.931685
7.308811,9.167931,1.708069,1.858159
7.366349,9.086195,1.683217,1.790262
7.428261,9.007720,1.656032,1.729813
7.493232,8.931769,1.627882,1.669879
7.561858,8.859102,1.600675,1.615556
7.633382,8.789282,1.575359,1.569349
7.708043,8.722837,1.551536,1.532590
7.785445,8.659593,1.529711,1.487808
7.864978,8.599053,1.510774,1.446618
7.947043,8.541977,1.493147,1.415406
8.030776,8.487379,1.472608,1.383545
8.116547,8.436062,1.448876,1.359312
8.203690,8.387091,1.429057,1.337597
8.291871,8.340010,1.413887,1.315354
8.381493,8.295755,1.402516,1.293067
8.472614,8.254662,1.388148,1.280999
8.564828,8.216079,1.371740,1.265619
8.658295,8.180681,1.358662,1.258852
8.753077,8.148925,1.345459,1.251694
8.848662,8.119697,1.333663,1.250515
8.945261,8.093987,1.320582,1.250747
9.042513,8.070907,1.302276,1.254988
9.140235,8.049857,1.283550,1.261094
9.238165,8.029795,1.268355,1.267499
9.336547,8.012088,1.254372,1.273643
9.434960,7.994550,1.248091,1.284815
9.533369,7.976990,1.246088,1.297785
9.631798,7.959553,1.233233,1.305139
9.730229,7.942125,1.228396,1.316261
9.828476,7.923682,1.227960,1.314202
9.926838,7.905866,1.224470,1.317998
10.025012,7.887062,1.230128,1.316446
10.123263,7.868646,1.236235,1.322862
10.221568,7.850513,1.234194,1.337029
10.319908,7.832581,1.232511,1.354685
10.417994,7.813305,1.240277,1.354907
10.515915,7.793215,1.256791,1.361655
10.613937,7.773629,1.257356,1.363585
10.711858,7.753526,1.259331,1.371244
10.809654,7.732834,1.269540,1.385496
10.907629,7.713004,1.264627,1.388108
11.005461,7.692483,1.268306,1.390078
11.103403,7.672485,1.279278,1.399736
11.201272,7.652126,1.295603,1.403744
11.299052,7.631347,1.293175,1.412636
11.397129,7.612018,1.296986,1.417790
11.495165,7.592486,1.301041,1.427121
11.593107,7.572483,1.299091,1.432541
11.691414,7.554384,1.302889,1.442513
11.789613,7.535696,1.314890,1.450191
11.887904,7.517499,1.321852,1.459278
11.986136,7.498982,1.319806,1.468025
12.084441,7.480854,1.324923,1.476413
12.182446,7.461189,1.324357,1.484872
12.280552,7.442011,1.324216,1.491436
12.378811,7.423633,1.330790,1.502064
12.476912,7.404439,1.345600,1.518396
12.574930,7.384813,1.347092,1.540287
12.672878,7.364841,1.349107,1.552579
12.770511,7.343403,1.359360,1.567850
12.867819,7.320518,1.358184,1.585967
12.964573,7.295420,1.366618,1.592549
13.060688,7.267952,1.384651,1.602913
13.155840,7.237350,1.407884,1.616165
13.250055,7.203951,1.422811,1.629463
13.343415,7.168234,1.443199,1.632514
13.435157,7.128544,1.468507,1.637388
13.525337,7.085425,1.490832,1.644580
13.614203,7.039656,1.522210,1.654854
13.701531,6.991044,1.562313,1.665080
13.786374,6.938203,1.602405,1.667879
13.868919,6.881845,1.644773,1.668419
13.948484,6.821335,1.694975,1.662579
14.025272,6.757345,1.748149,1.658287
14.097834,6.688612,1.785358,1.653660
14.166912,6.616368,1.779837,1.650124
14.231660,6.540245,1.770210,1.642075
14.291697,6.460347,1.756844,1.628015
14.347747,6.377593,1.745776,1.613773
14.398350,6.291422,1.718199,1.599229
14.444176,6.202595,1.699580,1.585393
14.484751,6.111261,1.676664,1.571977
14.520051,6.017751,1.655340,1.559149
14.549697,5.922306,1.645792,1.546697
14.573909,5.825322,1.638598,1.518469
14.594173,5.727451,1.633598,1.491251
14.610411,5.628819,1.634308,1.466317
14.621807,5.529515,1.628301,1.443058
14.629688,5.429869,1.620417,1.422948
14.634086,5.330010,1.616018,1.406188
14.634873,5.230059,1.615231,1.392800
14.631983,5.130146,1.603909,1.382833
14.625471,5.030402,1.596040,1.376334
14.615394,4.930955,1.592835,1.366336
14.601754,4.831931,1.585542,1.360023
14.584671,4.733441,1.584137,1.356349
14.564489,4.635540,1.592171,1.351058
14.541424,4.538278,1.591374,1.350199
14.515423,4.441771,1.588434,1.353705
14.485449,4.346418,1.590476,1.360436
14.451913,4.252258,1.590504,1.367458
14.414912,4.159403,1.584497,1.374574
14.373137,4.068611,1.588565,1.383724
14.326368,3.980276,1.590887,1.394485
14.275722,3.894114,1.588363,1.399067
14.220165,3.811023,1.597887,1.400409
14.160689,3.730682,1.604962,1.404094
14.096901,3.653734,1.596560,1.409398
14.029207,3.580197,1.596375,1.416585
13.958196,3.509849,1.586882,1.426191
13.884337,3.442508,1.575161,1.438599
13.806647,3.379637,1.548297,1.448196
13.725250,3.321648,1.519813,1.449356
13.641147,3.267640,1.491021,1.452593
13.554677,3.217517,1.459964,1.457490
13.465750,3.171900,1.440247,1.448649
13.374562,3.130960,1.424715,1.438403
13.281972,3.093296,1.406018,1.431501
13.187957,3.059338,1.386750,1.424725
13.092471,3.029770,1.379121,1.416713
12.996198,3.002880,1.379624,1.411796
12.899243,2.978554,1.378389,1.399353
12.801527,2.957521,1.369378,1.390609
12.703348,2.938724,1.360662,1.384338
12.604922,2.921265,1.360622,1.372884
12.506269,2.905134,1.369244,1.363137
12.407375,2.890583,1.373911,1.349653
12.308291,2.877349,1.382626,1.336999
12.209221,2.864018,1.381606,1.323160
12.110206,2.850281,1.383538,1.317194
12.011027,2.837802,1.388477,1.317533
11.911854,2.825264,1.382303,1.325491
11.812679,2.812746,1.383363,1.319725
11.713547,2.799928,1.391321,1.314146
11.614333,2.787716,1.396490,1.315547
11.515084,2.775802,1.399334,1.324214
11.415978,2.762775,1.408166,1.337237
11.316890,2.749585,1.401571,1.329055
11.217793,2.736450,1.397286,1.325200
11.118840,2.722281,1.399101,1.329914
11.019773,2.708958,1.408874,1.341234
10.920834,2.694682,1.397679,1.355491
10.821884,2.680483,1.393556,1.354540
10.722722,2.667879,1.398198,1.351369
10.623684,2.654329,1.408587,1.355206
10.524698,2.640384,1.405920,1.361006
10.425835,2.625614,1.409520,1.367806
10.326867,2.611540,1.411800,1.360328
10.227982,2.596917,1.402587,1.360729
10.129281,2.581090,1.399250,1.369660
10.030415,2.566322,1.404112,1.384458
9.931586,2.551303,1.408601,1.387753
9.832598,2.537397,1.408378,1.381535
9.733590,2.523621,1.413458,1.382403
9.634666,2.509264,1.410582,1.391060
9.535717,2.495060,1.404196,1.405283
9.436654,2.481693,1.405755,1.403261
9.337720,2.467422,1.413487,1.398786
9.238800,2.453031,1.414233,1.401564
9.139868,2.438707,1.415982,1.411367
9.041147,2.423022,1.423391,1.408226
8.942391,2.407536,1.419948,1.406226
8.843721,2.391513,1.414324,1.409792
8.745038,2.375598,1.415863,1.402271
8.646380,2.359498,1.413919,1.402043
8.547888,2.342413,1.408193,1.409917
8.449257,2.326144,1.410376,1.420664
8.350781,2.308964,1.414779,1.415716
8.252525,2.290573,1.408882,1.419045
8.154308,2.271977,1.409856,1.420796
8.055964,2.254065,1.411602,1.417732
7.957852,2.234929,1.406092,1.422950
7.859863,2.215161,1.407034,1.423806
7.761843,2.195552,1.415215,1.423613
7.663910,2.175542,1.421014,1.430829
7.566215,2.154371,1.415246,1.431056
7.468555,2.133038,1.409680,1.423744
7.370943,2.111491,1.410972,1.420645
7.273670,2.088458,1.417805,1.426091
7.176379,2.065507,1.418941,1.437073
7.079202,2.042071,1.419579,1.436077
6.982190,2.017966,1.413506,1.430773
6.885245,1.993589,1.410606,1.429928
6.788358,1.968979,1.404828,1.426095
6.691828,1.943021,1.404756,1.428627
6.595758,1.915396,1.410059,1.428859
6.499964,1.886827,1.421412,1.428150
6.404503,1.857168,1.426325,1.431487
6.309893,1.824913,1.428974,1.426178
6.215938,1.790785,1.436008,1.426528
6.122613,1.754967,1.432254,1.418505
6.030323,1.716577,1.429327,1.420272
5.939246,1.675377,1.430327,1.432079
5.848982,1.632432,1.431292,1.446502
5.760299,1.586324,1.422766,1.454631
5.673003,1.537625,1.416950,1.457132
5.587315,1.486172,1.414985,1.463734
5.503388,1.431873,1.416732,1.463930
5.421276,1.374883,1.415847,1.471208
5.341234,1.315010,1.411595,1.488015
5.263142,1.252609,1.411225,1.495607
5.187429,1.187343,1.414207,1.495394
5.113922,1.119608,1.418289,1.505139
5.042333,1.049855,1.419588,1.515243
4.973804,0.977082,1.419225,1.515636
4.907079,0.902650,1.423446,1.502083
4.843559,0.825477,1.430451,1.490664
4.782610,0.746254,1.427407,1.478424
4.724303,0.665067,1.421706,1.455660
4.668629,0.582048,1.419814,1.435402
4.615147,0.497598,1.422338,1.419060
4.564790,0.411261,1.428224,1.397381
4.516613,0.323675,1.438554,1.372488
4.471020,0.234728,1.443708,1.357429
4.428168,0.144419,1.431834,1.344406
4.387288,0.053201,1.422620,1.321678
4.349155,-0.039196,1.417409,1.309199
4.312971,-0.132379,1.413494,1.306384
4.278992,-0.226381,1.408868,1.302217
4.247089,-0.321116,1.405121,1.290737
4.216257,-0.416205,1.394213,1.287174
4.187393,-0.511907,1.384326,1.279822
4.159731,-0.607966,1.374894,1.278468
4.132466,-0.704139,1.361756,1.266355
4.106846,-0.800763,1.354175,1.263773
4.080891,-0.897298,1.354298,1.256753
4.055281,-0.993923,1.350350,1.255145
4.031387,-1.090989,1.345648,1.259783
4.006689,-1.187852,1.332317,1.252708
3.983753,-1.285145,1.324593,1.248882
3.960309,-1.382319,1.313102,1.243968
3.938239,-1.479815,1.305579,1.248480
3.916264,-1.577332,1.305591,1.251728
3.895284,-1.675068,1.298936,1.250519
3.874529,-1.772849,1.298729,1.242759
3.854613,-1.870805,1.301606,1.243872
3.834839,-1.968790,1.301268,1.241532
3.815770,-2.066914,1.293163,1.236757
3.797049,-2.165106,1.285567,1.240401
3.778708,-2.263371,1.275733,1.251354
3.761297,-2.361806,1.267844,1.249837
3.745287,-2.460477,1.254753,1.255764
3.729378,-2.559166,1.246389,1.256690
3.713657,-2.657884,1.239302,1.265722
3.697552,-2.756542,1.232115,1.278296
3.680816,-2.855090,1.233657,1.282673
3.662694,-2.953398,1.228716,1.290748
3.642282,-3.051248,1.224937,1.304147
3.620179,-3.148736,1.218227,1.320956
3.595556,-3.245609,1.222287,1.337993
3.568049,-3.341710,1.237394,1.359291
3.537211,-3.436786,1.247288,1.378389
3.502777,-3.530627,1.255090,1.399199
3.465315,-3.623299,1.266934,1.413048
3.423142,-3.713915,1.291424,1.426958
3.377619,-3.802901,1.313754,1.444020
3.326910,-3.889020,1.347742,1.461951
3.271521,-3.972214,1.385539,1.481057
3.211417,-4.052061,1.423572,1.494985
3.146284,-4.127861,1.468209,1.502516
3.075895,-4.198785,1.518012,1.502892
3.000926,-4.264878,1.577959,1.502555
2.921382,-4.325382,1.647081,1.501643
2.837705,-4.380032,1.715763,1.500216
2.750044,-4.428036,1.689547,1.497697
2.659465,-4.470242,1.666610,1.490706
2.566194,-4.506181,1.651843,1.475791
2.471487,-4.538137,1.632274,1.463325
2.375301,-4.565314,1.620594,1.452625
2.277839,-4.587490,1.612755,1.443599
2.179388,-4.604748,1.595528,1.436447
2.080175,-4.616889,1.583403,1.431060
1.980501,-4.624309,1.575990,1.427901
1.880591,-4.627132,1.573168,1.427133
1.780657,-4.625362,1.574939,1.425363
1.680903,-4.619021,1.581283,1.422427
