x_m,y_m
-5.708200,-8.482800
-5.708200,-8.432800
-5.708200,-8.382800
-5.708200,-8.332800
-5.708200,-8.282800
-5.708200,-8.232800
-5.708200,-8.182800
-5.708200,-8.132800
-5.708200,-8.082800
-5.708200,-8.032800
-5.708200,-7.982800
-5.708200,-7.932800
-5.708200,-7.882800
-5.708200,-7.832800
-5.708200,-7.782800
-5.708200,-7.732800
-5.708200,-7.682800
-5.708200,-7.632800
-5.708200,-7.582800
-5.708200,-7.532800
-5.708200,-7.482800
-5.708200,-7.432800
-5.708200,-7.382800
-5.708200,-7.332800
-5.708200,-7.282800
-5.708200,-7.232800
-5.708200,-7.182800
-5.708200,-7.132800
-5.708200,-7.082800
-5.708200,-7.032800
-5.708200,-6.982800
-5.708200,-6.932800
-5.708200,-6.882800
-5.708200,-6.832800
-5.708200,-6.782800
-5.708200,-6.732800
-5.708200,-6.682800
-5.708200,-6.632800
-5.708200,-6.582800
-5.708200,-6.532800
-5.708200,-6.482800
-5.708200,-6.432800
-5.708200,-6.382800
-5.708200,-6.332800
-5.708200,-6.282800
-5.708200,-6.232800
-5.708200,-6.182800
-5.708200,-6.132800
-5.708200,-6.082800
-5.708200,-6.032800
-5.708200,-5.982800
-5.708200,-5.932800
-5.708200,-5.882800
-5.708200,-5.832800
-5.708200,-5.782800
-5.708200,-5.732800
-5.708200,-5.682800
-5.708200,-5.632800
-5.708200,-5.582800
-5.708200,-5.532800
-5.708200,-5.482800
-5.708200,-5.432800
-5.708200,-5.382800
-5.708200,-5.332800
-5.708200,-5.282800
-5.708200,-5.232800
-5.708200,-5.182800
-5.708200,-5.132800
-5.708200,-5.082800
-5.708200,-5.032800
-5.708200,-4.982800
-5.708200,-4.932800
-5.708200,-4.882800
-5.708200,-4.832800
-5.708200,-4.782800
-5.708200,-4.732800
-5.708200,-4.682800
-5.708200,-4.632800
-5.708200,-4.582800
-5.708200,-4.532800
-5.708200,-4.482800
-5.708200,-4.432800
-5.708200,-4.382800
-5.708200,-4.332800
-5.708200,-4.282800
-5.708200,-4.232800
-5.708200,-4.182800
-5.708200,-4.132800
-5.708200,-4.082800
-5.708200,-4.032800
-5.708200,-3.982800
-5.708200,-3.932800
-5.708200,-3.882800
-5.708200,-3.832800
-5.708200,-3.782800
-5.708200,-3.732800
-5.708200,-3.682800
-5.708200,-3.632800
-5.708200,-3.582800
-5.708200,-3.532800
-5.708200,-3.482800
-5.708200,-3.432800
-5.708200,-3.382800
-5.708200,-3.332800
-5.708200,-3.282800
-5.708200,-3.232800
-5.708200,-3.182800
-5.708200,-3.132800
-5.708200,-3.082800
-5.708200,-3.032800
-5.708200,-2.982800
-5.708200,-2.932800
-5.708200,-2.882800
-5.708200,-2.832800
-5.708200,-2.782800
-5.708200,-2.732800
-5.708200,-2.682800
-5.708200,-2.632800
-5.708200,-2.582800
-5.708200,-2.532800
-5.708200,-2.482800
-5.708200,-2.432800
-5.708200,-2.382800
-5.708200,-2.332800
-5.708200,-2.282800
-5.708200,-2.232800
-5.708200,-2.182800
-5.708200,-2.132800
-5.708200,-2.082800
-5.708200,-2.032800
-5.708200,-1.982800
-5.708200,-1.932800
-5.708200,-1.882800
-5.708200,-1.832800
-5.708200,-1.782800
-5.708200,-1.732800
-5.708200,-1.682800
-5.708200,-1.632800
-5.708200,-1.582800
-5.708200,-1.532800
-5.708200,-1.482800
-5.708200,-1.432800
-5.708200,-1.382800
-5.708200,-1.332800
-5.708200,-1.282800
-5.708200,-1.232800
-5.708200,-1.182800
-5.708200,-1.132800
-5.708200,-1.082800
-5.708200,-1.032800
-5.708200,-0.982800
-5.708200,-0.932800
-5.708200,-0.882800
-5.708200,-0.832800
-5.708200,-0.782800
-5.708200,-0.732800
-5.708200,-0.682800
-5.708200,-0.632800
-5.708200,-0.582800
-5.708200,-0.532800
-5.708200,-0.482800
-5.708200,-0.432800
-5.708200,-0.382800
-5.708200,-0.332800
-5.708200,-0.282800
-5.708200,-0.232800
-5.708200,-0.182800
-5.708200,-0.132800
-5.708200,-0.082800
-5.708200,-0.032800
-5.708200,0.017200
-5.708200,0.067200
-5.708200,0.117200
-5.708200,0.167200
-5.708200,0.217200
-5.708200,0.267200
-5.708200,0.317200
-5.708200,0.367200
-5.708200,0.417200
-5.708200,0.467200
-5.708200,0.517200
-5.708200,0.567200
-5.708200,0.617200
-5.708200,0.667200
-5.708200,0.717200
-5.708200,0.767200
-5.708200,0.817200
-5.708200,0.867200
-5.708200,0.917200
-5.708200,0.967200
-5.708200,1.017200
-5.708200,1.067200
-5.708200,1.117200
-5.708200,1.167200
-5.708200,1.217200
-5.708200,1.267200
-5.708200,1.317200
-5.708200,1.367200
-5.708200,1.417200
-5.708200,1.467200
-5.708200,1.517200
-5.708200,1.567200
-5.708200,1.617200
-5.708200,1.667200
-5.708200,1.717200
-5.708200,1.767200
-5.708200,1.817200
-5.708200,1.867200
-5.708200,1.917200
-5.708200,1.967200
-5.708200,2.017200
-5.708200,2.067200
-5.708200,2.117200
-5.708200,2.167200
-5.708200,2.217200
-5.708200,2.267200
-5.708200,2.317200
-5.708200,2.367200
-5.708200,2.417200
-5.708200,2.467200
-5.708200,2.517200
-5.708200,2.567200
-5.708200,2.617200
-5.708200,2.667200
-5.708200,2.717200
-5.708200,2.767200
-5.708200,2.817200
-5.708200,2.867200
-5.708200,2.917200
-5.708200,2.967200
-5.708200,3.017200
-5.708200,3.067200
-5.708200,3.117200
-5.708200,3.167200
-5.708200,3.217200
-5.708200,3.267200
-5.708200,3.317200
-5.708200,3.367200
-5.708200,3.417200
-5.708200,3.467200
-5.708200,3.517200
-5.708200,3.567200
-5.708200,3.617200
-5.708200,3.667200
-5.708200,3.717200
-5.708200,3.767200
-5.708200,3.817200
-5.708200,3.867200
-5.708200,3.917200
-5.708200,3.967200
-5.708200,4.017200
-5.708200,4.067200
-5.708200,4.117200
-5.708200,4.167200
-5.708200,4.217200
-5.708200,4.267200
-5.708200,4.317200
-5.708200,4.367200
-5.708200,4.417200
-5.708200,4.467200
-5.708200,4.517200
-5.708200,4.567200
-5.708200,4.617200
-5.708200,4.667200
-5.708200,4.717200
-5.708200,4.767200
-5.708200,4.817200
-5.708200,4.867200
-5.708200,4.917200
-5.708200,4.967200
-5.708200,5.017200
-5.708200,5.067200
-5.708200,5.117200
-5.708200,5.167200
-5.708200,5.217200
-5.708200,5.267200
-5.708200,5.317200
-5.708200,5.367200
-5.708200,5.417200
-5.708200,5.467200
-5.708200,5.517200
-5.708200,5.567200
-5.708200,5.617200
-5.708200,5.667200
-5.708200,5.717200
-5.708200,5.767200
-5.708200,5.817200
-5.708200,5.867200
-5.708200,5.917200
-5.708200,5.967200
-5.708200,6.017200
-5.708200,6.067200
-5.708200,6.117200
-5.708200,6.167200
-5.708200,6.217200
-5.708200,6.267200
-5.708200,6.317200
-5.708200,6.367200
-5.708200,6.417200
-5.708200,6.467200
-5.708200,6.517200
-5.708200,6.567200
-5.708200,6.617200
-5.708200,6.667200
-5.708200,6.717200
-5.708200,6.767200
-5.708200,6.817200
-5.708200,6.867200
-5.708200,6.917200
-5.708200,6.967200
-5.708200,7.017200
-5.708200,7.067200
-5.708200,7.117200
-5.708200,7.167200
-5.708200,7.217200
-5.708200,7.267200
-5.708200,7.317200
-5.708200,7.367200
-5.708200,7.417200
-5.708200,7.467200
-5.708200,7.517200
-5.708200,7.567200
-5.658200,7.567200
-5.608200,7.567200
-5.558200,7.567200
-5.508200,7.567200
-5.458200,7.567200
-5.408200,7.567200
-5.358200,7.567200
-5.308200,7.567200
-5.258200,7.567200
-5.208200,7.567200
-5.158200,7.567200
-5.108200,7.567200
-5.058200,7.567200
-5.008200,7.567200
-4.958200,7.567200
-4.908200,7.567200
-4.858200,7.567200
-4.808200,7.567200
-4.758200,7.567200
-4.708200,7.567200
-4.658200,7.567200
-4.608200,7.567200
-4.558200,7.567200
-4.508200,7.567200
-4.458200,7.567200
-4.408200,7.567200
-4.358200,7.567200
-4.308200,7.567200
-4.258200,7.567200
-4.208200,7.567200
-4.158200,7.567200
-4.108200,7.567200
-4.058200,7.567200
-4.008200,7.567200
-3.958200,7.567200
-3.908200,7.567200
-3.858200,7.567200
-3.808200,7.567200
-3.758200,7.567200
-3.708200,7.567200
-3.658200,7.567200
-3.608200,7.567200
-3.558200,7.567200
-3.508200,7.567200
-3.458200,7.567200
-3.408200,7.567200
-3.358200,7.567200
-3.308200,7.567200
-3.258200,7.567200
-3.208200,7.567200
-3.158200,7.567200
-3.108200,7.567200
-3.058200,7.567200
-3.008200,7.567200
-2.958200,7.567200
-2.908200,7.567200
-2.858200,7.567200
-2.808200,7.567200
-2.758200,7.567200
-2.708200,7.567200
-2.658200,7.567200
-2.608200,7.567200
-2.558200,7.567200
-2.508200,7.567200
-2.458200,7.567200
-2.408200,7.567200
-2.358200,7.567200
-2.308200,7.567200
-2.258200,7.567200
-2.208200,7.567200
-2.158200,7.567200
-2.108200,7.567200
-2.058200,7.567200
-2.008200,7.567200
-1.958200,7.567200
-1.908200,7.567200
-1.858200,7.567200
-1.808200,7.567200
-1.758200,7.567200
-1.708200,7.567200
-1.658200,7.567200
-1.608200,7.567200
-1.558200,7.567200
-1.508200,7.567200
-1.458200,7.567200
-1.408200,7.567200
-1.358200,7.567200
-1.308200,7.567200
-1.258200,7.567200
-1.208200,7.567200
-1.158200,7.567200
-1.108200,7.567200
-1.058200,7.567200
-1.008200,7.567200
-0.958200,7.567200
-0.908200,7.567200
-0.858200,7.567200
-0.808200,7.567200
-0.758200,7.567200
-0.708200,7.567200
-0.658200,7.567200
-0.608200,7.567200
-0.558200,7.567200
-0.508200,7.567200
-0.458200,7.567200
-0.408200,7.567200
-0.358200,7.567200
-0.308200,7.567200
-0.258200,7.567200
-0.208200,7.567200
-0.158200,7.567200
-0.108200,7.567200
-0.058200,7.567200
-0.008200,7.567200
0.041800,7.567200
0.091800,7.567200
0.141800,7.567200
0.191800,7.567200
0.241800,7.567200
0.291800,7.567200
0.341800,7.567200
0.391800,7.567200
0.441800,7.567200
0.491800,7.567200
0.541800,7.567200
0.591800,7.567200
0.641800,7.567200
0.691800,7.567200
0.741800,7.567200
0.791800,7.567200
0.841800,7.567200
0.891800,7.567200
0.941800,7.567200
0.991800,7.567200
1.041800,7.567200
1.091800,7.567200
1.141800,7.567200
1.191800,7.567200
1.241800,7.567200
1.291800,7.567200
1.341800,7.567200
1.391800,7.567200
1.441800,7.567200
1.491800,7.567200
1.541800,7.567200
1.591800,7.567200
1.641800,7.567200
1.691800,7.567200
1.741800,7.567200
1.791800,7.567200
1.841800,7.567200
1.891800,7.567200
1.941800,7.567200
1.991800,7.567200
2.041800,7.567200
2.091800,7.567200
2.141800,7.567200
2.191800,7.567200
2.241800,7.567200
2.291800,7.567200
2.341800,7.567200
2.391800,7.567200
2.441800,7.567200
2.491800,7.567200
2.541800,7.567200
2.591800,7.567200
2.641800,7.567200
2.691800,7.567200
2.741800,7.567200
2.791800,7.567200
2.841800,7.567200
2.891800,7.567200
2.941800,7.567200
2.991800,7.567200
3.041800,7.567200
3.091800,7.567200
3.141800,7.567200
3.191800,7.567200
3.241800,7.567200
3.291800,7.567200
3.341800,7.567200
3.391800,7.567200
3.441800,7.567200
3.491800,7.567200
3.541800,7.567200
3.591800,7.567200
3.641800,7.567200
3.691800,7.567200
3.741800,7.567200
3.791800,7.567200
3.841800,7.567200
3.891800,7.567200
3.941800,7.567200
3.991800,7.567200
4.041800,7.567200
4.091800,7.567200
4.141800,7.567200
4.191800,7.567200
4.241800,7.567200
4.291800,7.567200
4.341800,7.567200
4.391800,7.567200
4.441800,7.567200
4.491800,7.567200
4.541800,7.567200
4.591800,7.567200
4.641800,7.567200
4.691800,7.567200
4.741800,7.567200
4.791800,7.567200
4.841800,7.567200
4.891800,7.567200
4.941800,7.567200
4.991800,7.567200
5.041800,7.567200
5.091800,7.567200
5.141800,7.567200
5.191800,7.567200
5.241800,7.567200
5.291800,7.567200
5.341800,7.567200
5.391800,7.567200
5.441800,7.567200
5.491800,7.567200
5.541800,7.567200
5.591800,7.567200
5.641800,7.567200
5.691800,7.567200
5.741800,7.567200
5.791800,7.567200
5.841800,7.567200
5.891800,7.567200
5.941800,7.567200
5.991800,7.567200
6.041800,7.567200
6.091800,7.567200
6.141800,7.567200
6.191800,7.567200
6.241800,7.567200
6.291800,7.567200
6.341800,7.567200
6.391800,7.567200
6.441800,7.567200
6.491800,7.567200
6.541800,7.567200
6.591800,7.567200
6.641800,7.567200
6.691800,7.567200
6.741800,7.567200
6.791800,7.567200
6.841800,7.567200
6.891800,7.567200
6.941800,7.567200
6.991800,7.567200
7.041800,7.567200
7.091800,7.567200
7.141800,7.567200
7.191800,7.567200
7.241800,7.567200
7.291800,7.567200
7.341800,7.567200
7.391800,7.567200
7.441800,7.567200
7.491800,7.567200
7.541800,7.567200
7.591800,7.567200
7.641800,7.567200
7.691800,7.567200
7.741800,7.567200
7.791800,7.567200
7.841800,7.567200
7.891800,7.567200
7.941800,7.567200
7.991800,7.567200
8.041800,7.567200
8.091800,7.567200
8.141800,7.567200
8.191800,7.567200
8.241800,7.567200
8.291800,7.567200
8.341800,7.567200
8.391800,7.567200
8.441800,7.567200
8.491800,7.567200
8.541800,7.567200
8.591800,7.567200
8.641800,7.567200
8.691800,7.567200
8.741800,7.567200
8.791800,7.567200
8.841800,7.567200
8.891800,7.567200
8.941800,7.567200
8.991800,7.567200
9.041800,7.567200
9.091800,7.567200
9.141800,7.567200
9.191800,7.567200
9.241800,7.567200
9.291800,7.567200
9.341800,7.567200
9.391800,7.567200
9.441800,7.567200
9.491800,7.567200
9.541800,7.567200
9.591800,7.567200
9.641800,7.567200
9.691800,7.567200
9.741800,7.567200
9.791800,7.567200
9.841800,7.567200
9.891800,7.567200
9.941800,7.567200
9.991800,7.567200
10.041800,7.567200
10.091800,7.567200
10.141800,7.567200
10.191800,7.567200
10.241800,7.567200
10.291800,7.567200
10.341800,7.567200
10.391800,7.567200
10.441800,7.567200
10.491800,7.567200
10.541800,7.567200
10.591800,7.567200
10.641800,7.567200
10.691800,7.567200
10.741800,7.567200
10.791800,7.567200
10.841800,7.567200
10.891800,7.567200
10.941800,7.567200
10.991800,7.567200
11.041800,7.567200
11.091800,7.567200
11.141800,7.567200
11.191800,7.567200
11.241800,7.567200
11.291800,7.567200
11.341800,7.567200
11.391800,7.567200
11.441800,7.567200
11.491800,7.567200
11.541800,7.567200
11.591800,7.567200
11.641800,7.567200
11.691800,7.567200
11.741800,7.567200
11.791800,7.567200
11.841800,7.567200
11.891800,7.567200
11.941800,7.567200
11.991800,7.567200
12.041800,7.567200
12.091800,7.567200
12.141800,7.567200
12.191800,7.567200
12.241800,7.567200
12.291800,7.567200
12.341800,7.567200
12.391800,7.567200
12.441800,7.567200
12.491800,7.567200
12.541800,7.567200
12.591800,7.567200
12.641800,7.567200
12.691800,7.567200
12.741800,7.567200
12.791800,7.567200
12.841800,7.567200
12.891800,7.567200
12.941800,7.567200
12.991800,7.567200
13.041800,7.567200
13.091800,7.567200
13.141800,7.567200
13.191800,7.567200
13.241800,7.567200
13.291800,7.567200
13.341800,7.567200
13.391800,7.567200
13.441800,7.567200
13.491800,7.567200
13.541800,7.567200
13.591800,7.567200
13.641800,7.567200
13.691800,7.567200
13.741800,7.567200
13.791800,7.567200
13.841800,7.567200
13.891800,7.567200
13.941800,7.567200
13.991800,7.567200
14.041800,7.567200
14.091800,7.567200
14.141800,7.567200
14.191800,7.567200
14.241800,7.567200
14.291800,7.567200
14.341800,7.567200
14.391800,7.567200
14.441800,7.567200
14.491800,7.567200
14.541800,7.567200
14.591800,7.567200
14.641800,7.567200
14.691800,7.567200
14.741800,7.567200
14.791800,7.567200
14.841800,7.567200
14.891800,7.567200
14.941800,7.567200
14.991800,7.567200
15.041800,7.567200
15.091800,7.567200
15.141800,7.567200
15.191800,7.567200
15.241800,7.567200
15.291800,7.567200
15.341800,7.567200
15.391800,7.567200
15.441800,7.567200
15.491800,7.567200
15.541800,7.567200
15.591800,7.567200
15.641800,7.567200
15.691800,7.567200
15.741800,7.567200
15.791800,7.567200
15.841800,7.567200
15.891800,7.567200
15.941800,7.567200
15.991800,7.567200
16.041800,7.567200
16.091800,7.567200
16.141800,7.567200
16.191800,7.567200
16.241800,7.567200
16.291800,7.567200
16.341800,7.567200
16.391800,7.567200
16.441800,7.567200
16.491800,7.567200
16.541800,7.567200
16.591800,7.567200
16.641800,7.567200
16.691800,7.567200
16.741800,7.567200
16.791800,7.567200
16.841800,7.567200
16.891800,7.567200
16.941800,7.567200
16.991800,7.567200
17.041800,7.567200
17.091800,7.567200
17.141800,7.567200
17.191800,7.567200
17.241800,7.567200
17.291800,7.567200
17.341800,7.567200
17.391800,7.567200
17.441800,7.567200
17.491800,7.567200
17.541800,7.567200
17.591800,7.567200
17.641800,7.567200
17.691800,7.567200
17.741800,7.567200
17.791800,7.567200
17.841800,7.567200
17.891800,7.567200
17.941800,7.567200
17.991800,7.567200
18.041800,7.567200
18.091800,7.567200
18.141800,7.567200
18.191800,7.567200
18.241800,7.567200
18.291800,7.567200
18.341800,7.567200
18.391800,7.567200
18.441800,7.567200
18.491800,7.567200
18.541800,7.567200
18.591800,7.567200
18.641800,7.567200
18.691800,7.567200
18.741800,7.567200
18.791800,7.567200
18.841800,7.567200
18.891800,7.567200
18.941800,7.567200
18.991800,7.567200
19.041800,7.567200
19.091800,7.567200
19.141800,7.567200
19.191800,7.567200
19.241800,7.567200
19.291800,7.567200
19.341800,7.567200
19.391800,7.567200
19.441800,7.567200
19.491800,7.567200
19.541800,7.567200
19.591800,7.567200
19.641800,7.567200
19.691800,7.567200
19.741800,7.567200
19.791800,7.567200
19.841800,7.567200
19.891800,7.567200
19.941800,7.567200
19.991800,7.567200
20.041800,7.567200
20.091800,7.567200
20.141800,7.567200
20.191800,7.567200
20.241800,7.567200
20.291800,7.567200
20.341800,7.567200
20.391800,7.567200
20.441800,7.567200
20.491800,7.567200
20.541800,7.567200
20.591800,7.567200
20.641800,7.567200
20.691800,7.567200
20.741800,7.567200
20.791800,7.567200
20.841800,7.567200
20.891800,7.567200
20.941800,7.567200
20.991800,7.567200
21.041800,7.567200
21.091800,7.567200
21.141800,7.567200
21.191800,7.567200
21.241800,7.567200
21.291800,7.567200
21.341800,7.567200
21.391800,7.567200
21.441800,7.567200
21.491800,7.567200
21.491800,7.517200
21.491800,7.467200
21.491800,7.417200
21.491800,7.367200
21.491800,7.317200
21.491800,7.267200
21.491800,7.217200
21.491800,7.167200
21.491800,7.117200
21.491800,7.067200
21.491800,7.017200
21.491800,6.967200
21.491800,6.917200
21.491800,6.867200
21.491800,6.817200
21.491800,6.767200
21.491800,6.717200
21.491800,6.667200
21.491800,6.617200
21.491800,6.567200
21.491800,6.517200
21.491800,6.467200
21.491800,6.417200
21.491800,6.367200
21.491800,6.317200
21.491800,6.267200
21.491800,6.217200
21.491800,6.167200
21.491800,6.117200
21.491800,6.067200
21.491800,6.017200
21.491800,5.967200
21.491800,5.917200
21.491800,5.867200
21.491800,5.817200
21.491800,5.767200
21.491800,5.717200
21.491800,5.667200
21.491800,5.617200
21.491800,5.567200
21.491800,5.517200
21.491800,5.467200
21.491800,5.417200
21.491800,5.367200
21.491800,5.317200
21.491800,5.267200
21.491800,5.217200
21.491800,5.167200
21.491800,5.117200
21.491800,5.067200
21.491800,5.017200
21.491800,4.967200
21.491800,4.917200
21.491800,4.867200
21.491800,4.817200
21.491800,4.767200
21.491800,4.717200
21.491800,4.667200
21.491800,4.617200
21.491800,4.567200
21.491800,4.517200
21.491800,4.467200
21.491800,4.417200
21.491800,4.367200
21.491800,4.317200
21.491800,4.267200
21.491800,4.217200
21.491800,4.167200
21.491800,4.117200
21.491800,4.067200
21.491800,4.017200
21.491800,3.967200
21.491800,3.917200
21.491800,3.867200
21.491800,3.817200
21.491800,3.767200
21.491800,3.717200
21.491800,3.667200
21.491800,3.617200
21.491800,3.567200
21.491800,3.517200
21.491800,3.467200
21.491800,3.417200
21.491800,3.367200
21.491800,3.317200
21.491800,3.267200
21.491800,3.217200
21.491800,3.167200
21.491800,3.117200
21.491800,3.067200
21.491800,3.017200
21.491800,2.967200
21.491800,2.917200
21.491800,2.867200
21.491800,2.817200
21.491800,2.767200
21.491800,2.717200
21.491800,2.667200
21.491800,2.617200
21.491800,2.567200
21.491800,2.517200
21.491800,2.467200
21.491800,2.417200
21.491800,2.367200
21.491800,2.317200
21.491800,2.267200
21.491800,2.217200
21.491800,2.167200
21.491800,2.117200
21.491800,2.067200
21.491800,2.017200
21.491800,1.967200
21.491800,1.917200
21.491800,1.867200
21.491800,1.817200
21.491800,1.767200
21.491800,1.717200
21.491800,1.667200
21.491800,1.617200
21.491800,1.567200
21.491800,1.517200
21.491800,1.467200
21.491800,1.417200
21.491800,1.367200
21.491800,1.317200
21.491800,1.267200
21.491800,1.217200
21.491800,1.167200
21.491800,1.117200
21.491800,1.067200
21.491800,1.017200
21.491800,0.967200
21.491800,0.917200
21.491800,0.867200
21.491800,0.817200
21.491800,0.767200
21.491800,0.717200
21.491800,0.667200
21.491800,0.617200
21.491800,0.567200
21.491800,0.517200
21.491800,0.467200
21.491800,0.417200
21.491800,0.367200
21.491800,0.317200
21.491800,0.267200
21.491800,0.217200
21.491800,0.167200
21.491800,0.117200
21.491800,0.067200
21.491800,0.017200
21.491800,-0.032800
21.491800,-0.082800
21.491800,-0.132800
21.491800,-0.182800
21.491800,-0.232800
21.491800,-0.282800
21.491800,-0.332800
21.491800,-0.382800
21.491800,-0.432800
21.491800,-0.482800
21.491800,-0.532800
21.491800,-0.582800
21.491800,-0.632800
21.491800,-0.682800
21.491800,-0.732800
21.491800,-0.782800
21.491800,-0.832800
21.491800,-0.882800
21.491800,-0.932800
21.491800,-0.982800
21.491800,-1.032800
21.491800,-1.082800
21.491800,-1.132800
21.491800,-1.182800
21.491800,-1.232800
21.491800,-1.282800
21.491800,-1.332800
21.491800,-1.382800
21.491800,-1.432800
21.491800,-1.482800
21.491800,-1.532800
21.491800,-1.582800
21.491800,-1.632800
21.491800,-1.682800
21.491800,-1.732800
21.491800,-1.782800
21.491800,-1.832800
21.491800,-1.882800
21.491800,-1.932800
21.491800,-1.982800
21.491800,-2.032800
21.491800,-2.082800
21.491800,-2.132800
21.491800,-2.182800
21.491800,-2.232800
21.491800,-2.282800
21.491800,-2.332800
21.491800,-2.382800
21.491800,-2.432800
21.491800,-2.482800
21.491800,-2.532800
21.491800,-2.582800
21.491800,-2.632800
21.491800,-2.682800
21.491800,-2.732800
21.491800,-2.782800
21.491800,-2.832800
21.491800,-2.882800
21.491800,-2.932800
21.491800,-2.982800
21.491800,-3.032800
21.491800,-3.082800
21.491800,-3.132800
21.491800,-3.182800
21.491800,-3.232800
21.491800,-3.282800
21.491800,-3.332800
21.491800,-3.382800
21.491800,-3.432800
21.491800,-3.482800
21.491800,-3.532800
21.491800,-3.582800
21.491800,-3.632800
21.491800,-3.682800
21.491800,-3.732800
21.491800,-3.782800
21.491800,-3.832800
21.491800,-3.882800
21.491800,-3.932800
21.491800,-3.982800
21.491800,-4.032800
21.491800,-4.082800
21.491800,-4.132800
21.491800,-4.182800
21.491800,-4.232800
21.491800,-4.282800
21.491800,-4.332800
21.491800,-4.382800
21.491800,-4.432800
21.491800,-4.482800
21.491800,-4.532800
21.491800,-4.582800
21.491800,-4.632800
21.491800,-4.682800
21.491800,-4.732800
21.491800,-4.782800
21.491800,-4.832800
21.491800,-4.882800
21.491800,-4.932800
21.491800,-4.982800
21.491800,-5.032800
21.491800,-5.082800
21.491800,-5.132800
21.491800,-5.182800
21.491800,-5.232800
21.491800,-5.282800
21.491800,-5.332800
21.491800,-5.382800
21.491800,-5.432800
21.491800,-5.482800
21.491800,-5.532800
21.491800,-5.582800
21.491800,-5.632800
21.491800,-5.682800
21.491800,-5.732800
21.491800,-5.782800
21.491800,-5.832800
21.491800,-5.882800
21.491800,-5.932800
21.491800,-5.982800
21.491800,-6.032800
21.491800,-6.082800
21.491800,-6.132800
21.491800,-6.182800
21.491800,-6.232800
21.491800,-6.282800
21.491800,-6.332800
21.491800,-6.382800
21.491800,-6.432800
21.491800,-6.482800
21.491800,-6.532800
21.491800,-6.582800
21.491800,-6.632800
21.491800,-6.682800
21.491800,-6.732800
21.491800,-6.782800
21.491800,-6.832800
21.491800,-6.882800
21.491800,-6.932800
21.491800,-6.982800
21.491800,-7.032800
21.491800,-7.082800
21.491800,-7.132800
21.491800,-7.182800
21.491800,-7.232800
21.491800,-7.282800
21.491800,-7.332800
21.491800,-7.382800
21.491800,-7.432800
21.491800,-7.482800
21.491800,-7.532800
21.491800,-7.582800
21.491800,-7.632800
21.491800,-7.682800
21.491800,-7.732800
21.491800,-7.782800
21.491800,-7.832800
21.491800,-7.882800
21.491800,-7.932800
21.491800,-7.982800
21.491800,-8.032800
21.491800,-8.082800
21.491800,-8.132800
21.491800,-8.182800
21.491800,-8.232800
21.491800,-8.282800
21.491800,-8.332800
21.491800,-8.382800
21.491800,-8.432800
21.491800,-8.482800
21.441800,-8.482800
21.391800,-8.482800
21.341800,-8.482800
21.291800,-8.482800
21.241800,-8.482800
21.191800,-8.482800
21.141800,-8.482800
21.091800,-8.482800
21.041800,-8.482800
20.991800,-8.482800
20.941800,-8.482800
20.891800,-8.482800
20.841800,-8.482800
20.791800,-8.482800
20.741800,-8.482800
20.691800,-8.482800
20.641800,-8.482800
20.591800,-8.482800
20.541800,-8.482800
20.491800,-8.482800
20.441800,-8.482800
20.391800,-8.482800
20.341800,-8.482800
20.291800,-8.482800
20.241800,-8.482800
20.191800,-8.482800
20.141800,-8.482800
20.091800,-8.482800
20.041800,-8.482800
19.991800,-8.482800
19.941800,-8.482800
19.891800,-8.482800
19.841800,-8.482800
19.791800,-8.482800
19.741800,-8.482800
19.691800,-8.482800
19.641800,-8.482800
19.591800,-8.482800
19.541800,-8.482800
19.491800,-8.482800
19.441800,-8.482800
19.391800,-8.482800
19.341800,-8.482800
19.291800,-8.482800
19.241800,-8.482800
19.191800,-8.482800
19.141800,-8.482800
19.091800,-8.482800
19.041800,-8.482800
18.991800,-8.482800
18.941800,-8.482800
18.891800,-8.482800
18.841800,-8.482800
18.791800,-8.482800
18.741800,-8.482800
18.691800,-8.482800
18.641800,-8.482800
18.591800,-8.482800
18.541800,-8.482800
18.491800,-8.482800
18.441800,-8.482800
18.391800,-8.482800
18.341800,-8.482800
18.291800,-8.482800
18.241800,-8.482800
18.191800,-8.482800
18.141800,-8.482800
18.091800,-8.482800
18.041800,-8.482800
17.991800,-8.482800
17.941800,-8.482800
17.891800,-8.482800
17.841800,-8.482800
17.791800,-8.482800
17.741800,-8.482800
17.691800,-8.482800
17.641800,-8.482800
17.591800,-8.482800
17.541800,-8.482800
17.491800,-8.482800
17.441800,-8.482800
17.391800,-8.482800
17.341800,-8.482800
17.291800,-8.482800
17.241800,-8.482800
17.191800,-8.482800
17.141800,-8.482800
17.091800,-8.482800
17.041800,-8.482800
16.991800,-8.482800
16.941800,-8.482800
16.891800,-8.482800
16.841800,-8.482800
16.791800,-8.482800
16.741800,-8.482800
16.691800,-8.482800
16.641800,-8.482800
16.591800,-8.482800
16.541800,-8.482800
16.491800,-8.482800
16.441800,-8.482800
16.391800,-8.482800
16.341800,-8.482800
16.291800,-8.482800
16.241800,-8.482800
16.191800,-8.482800
16.141800,-8.482800
16.091800,-8.482800
16.041800,-8.482800
15.991800,-8.482800
15.941800,-8.482800
15.891800,-8.482800
15.841800,-8.482800
15.791800,-8.482800
15.741800,-8.482800
15.691800,-8.482800
15.641800,-8.482800
15.591800,-8.482800
15.541800,-8.482800
15.491800,-8.482800
15.441800,-8.482800
15.391800,-8.482800
15.341800,-8.482800
15.291800,-8.482800
15.241800,-8.482800
15.191800,-8.482800
15.141800,-8.482800
15.091800,-8.482800
15.041800,-8.482800
14.991800,-8.482800
14.941800,-8.482800
14.891800,-8.482800
14.841800,-8.482800
14.791800,-8.482800
14.741800,-8.482800
14.691800,-8.482800
14.641800,-8.482800
14.591800,-8.482800
14.541800,-8.482800
14.491800,-8.482800
14.441800,-8.482800
14.391800,-8.482800
14.341800,-8.482800
14.291800,-8.482800
14.241800,-8.482800
14.191800,-8.482800
14.141800,-8.482800
14.091800,-8.482800
14.041800,-8.482800
13.991800,-8.482800
13.941800,-8.482800
13.891800,-8.482800
13.841800,-8.482800
13.791800,-8.482800
13.741800,-8.482800
13.691800,-8.482800
13.641800,-8.482800
13.591800,-8.482800
13.541800,-8.482800
13.491800,-8.482800
13.441800,-8.482800
13.391800,-8.482800
13.341800,-8.482800
13.291800,-8.482800
13.241800,-8.482800
13.191800,-8.482800
13.141800,-8.482800
13.091800,-8.482800
13.041800,-8.482800
12.991800,-8.482800
12.941800,-8.482800
12.891800,-8.482800
12.841800,-8.482800
12.791800,-8.482800
12.741800,-8.482800
12.691800,-8.482800
12.641800,-8.482800
12.591800,-8.482800
12.541800,-8.482800
12.491800,-8.482800
12.441800,-8.482800
12.391800,-8.482800
12.341800,-8.482800
12.291800,-8.482800
12.241800,-8.482800
12.191800,-8.482800
12.141800,-8.482800
12.091800,-8.482800
12.041800,-8.482800
11.991800,-8.482800
11.941800,-8.482800
11.891800,-8.482800
11.841800,-8.482800
11.791800,-8.482800
11.741800,-8.482800
11.691800,-8.482800
11.641800,-8.482800
11.591800,-8.482800
11.541800,-8.482800
11.491800,-8.482800
11.441800,-8.482800
11.391800,-8.482800
11.341800,-8.482800
11.291800,-8.482800
11.241800,-8.482800
11.191800,-8.482800
11.141800,-8.482800
11.091800,-8.482800
11.041800,-8.482800
10.991800,-8.482800
10.941800,-8.482800
10.891800,-8.482800
10.841800,-8.482800
10.791800,-8.482800
10.741800,-8.482800
10.691800,-8.482800
10.641800,-8.482800
10.591800,-8.482800
10.541800,-8.482800
10.491800,-8.482800
10.441800,-8.482800
10.391800,-8.482800
10.341800,-8.482800
10.291800,-8.482800
10.241800,-8.482800
10.191800,-8.482800
10.141800,-8.482800
10.091800,-8.482800
10.041800,-8.482800
9.991800,-8.482800
9.941800,-8.482800
9.891800,-8.482800
9.841800,-8.482800
9.791800,-8.482800
9.741800,-8.482800
9.691800,-8.482800
9.641800,-8.482800
9.591800,-8.482800
9.541800,-8.482800
9.491800,-8.482800
9.441800,-8.482800
9.391800,-8.482800
9.341800,-8.482800
9.291800,-8.482800
9.241800,-8.482800
9.191800,-8.482800
9.141800,-8.482800
9.091800,-8.482800
9.041800,-8.482800
8.991800,-8.482800
8.941800,-8.482800
8.891800,-8.482800
8.841800,-8.482800
8.791800,-8.482800
8.741800,-8.482800
8.691800,-8.482800
8.641800,-8.482800
8.591800,-8.482800
8.541800,-8.482800
8.491800,-8.482800
8.441800,-8.482800
8.391800,-8.482800
8.341800,-8.482800
8.291800,-8.482800
8.241800,-8.482800
8.191800,-8.482800
8.141800,-8.482800
8.091800,-8.482800
8.041800,-8.482800
7.991800,-8.482800
7.941800,-8.482800
7.891800,-8.482800
7.841800,-8.482800
7.791800,-8.482800
7.741800,-8.482800
7.691800,-8.482800
7.641800,-8.482800
7.591800,-8.482800
7.541800,-8.482800
7.491800,-8.482800
7.441800,-8.482800
7.391800,-8.482800
7.341800,-8.482800
7.291800,-8.482800
7.241800,-8.482800
7.191800,-8.482800
7.141800,-8.482800
7.091800,-8.482800
7.041800,-8.482800
6.991800,-8.482800
6.941800,-8.482800
6.891800,-8.482800
6.841800,-8.482800
6.791800,-8.482800
6.741800,-8.482800
6.691800,-8.482800
6.641800,-8.482800
6.591800,-8.482800
6.541800,-8.482800
6.491800,-8.482800
6.441800,-8.482800
6.391800,-8.482800
6.341800,-8.482800
6.291800,-8.482800
6.241800,-8.482800
6.191800,-8.482800
6.141800,-8.482800
6.091800,-8.482800
6.041800,-8.482800
5.991800,-8.482800
5.941800,-8.482800
5.891800,-8.482800
5.841800,-8.482800
5.791800,-8.482800
5.741800,-8.482800
5.691800,-8.482800
5.641800,-8.482800
5.591800,-8.482800
5.541800,-8.482800
5.491800,-8.482800
5.441800,-8.482800
5.391800,-8.482800
5.341800,-8.482800
5.291800,-8.482800
5.241800,-8.482800
5.191800,-8.482800
5.141800,-8.482800
5.091800,-8.482800
5.041800,-8.482800
4.991800,-8.482800
4.941800,-8.482800
4.891800,-8.482800
4.841800,-8.482800
4.791800,-8.482800
4.741800,-8.482800
4.691800,-8.482800
4.641800,-8.482800
4.591800,-8.482800
4.541800,-8.482800
4.491800,-8.482800
4.441800,-8.482800
4.391800,-8.482800
4.341800,-8.482800
4.291800,-8.482800
4.241800,-8.482800
4.191800,-8.482800
4.141800,-8.482800
4.091800,-8.482800
4.041800,-8.482800
3.991800,-8.482800
3.941800,-8.482800
3.891800,-8.482800
3.841800,-8.482800
3.791800,-8.482800
3.741800,-8.482800
3.691800,-8.482800
3.641800,-8.482800
3.591800,-8.482800
3.541800,-8.482800
3.491800,-8.482800
3.441800,-8.482800
3.391800,-8.482800
3.341800,-8.482800
3.291800,-8.482800
3.241800,-8.482800
3.191800,-8.482800
3.141800,-8.482800
3.091800,-8.482800
3.041800,-8.482800
2.991800,-8.482800
2.941800,-8.482800
2.891800,-8.482800
2.841800,-8.482800
2.791800,-8.482800
2.741800,-8.482800
2.691800,-8.482800
2.641800,-8.482800
2.591800,-8.482800
2.541800,-8.482800
2.491800,-8.482800
2.441800,-8.482800
2.391800,-8.482800
2.341800,-8.482800
2.291800,-8.482800
2.241800,-8.482800
2.191800,-8.482800
2.141800,-8.482800
2.091800,-8.482800
2.041800,-8.482800
1.991800,-8.482800
1.941800,-8.482800
1.891800,-8.482800
1.841800,-8.482800
1.791800,-8.482800
1.741800,-8.482800
1.691800,-8.482800
1.641800,-8.482800
1.591800,-8.482800
1.541800,-8.482800
1.491800,-8.482800
1.441800,-8.482800
1.391800,-8.482800
1.341800,-8.482800
1.291800,-8.482800
1.241800,-8.482800
1.191800,-8.482800
1.141800,-8.482800
1.091800,-8.482800
1.041800,-8.482800
0.991800,-8.482800
0.941800,-8.482800
0.891800,-8.482800
0.841800,-8.482800
0.791800,-8.482800
0.741800,-8.482800
0.691800,-8.482800
0.641800,-8.482800
0.591800,-8.482800
0.541800,-8.482800
0.491800,-8.482800
0.441800,-8.482800
0.391800,-8.482800
0.341800,-8.482800
0.291800,-8.482800
0.241800,-8.482800
0.191800,-8.482800
0.141800,-8.482800
0.091800,-8.482800
0.041800,-8.482800
-0.008200,-8.482800
-0.058200,-8.482800
-0.108200,-8.482800
-0.158200,-8.482800
-0.208200,-8.482800
-0.258200,-8.482800
-0.308200,-8.482800
-0.358200,-8.482800
-0.408200,-8.482800
-0.458200,-8.482800
-0.508200,-8.482800
-0.558200,-8.482800
-0.608200,-8.482800
-0.658200,-8.482800
-0.708200,-8.482800
-0.758200,-8.482800
-0.808200,-8.482800
-0.858200,-8.482800
-0.908200,-8.482800
-0.958200,-8.482800
-1.008200,-8.482800
-1.058200,-8.482800
-1.108200,-8.482800
-1.158200,-8.482800
-1.208200,-8.482800
-1.258200,-8.482800
-1.308200,-8.482800
-1.358200,-8.482800
-1.408200,-8.482800
-1.458200,-8.482800
-1.508200,-8.482800
-1.558200,-8.482800
-1.608200,-8.482800
-1.658200,-8.482800
-1.708200,-8.482800
-1.758200,-8.482800
-1.808200,-8.482800
-1.858200,-8.482800
-1.908200,-8.482800
-1.958200,-8.482800
-2.008200,-8.482800
-2.058200,-8.482800
-2.108200,-8.482800
-2.158200,-8.482800
-2.208200,-8.482800
-2.258200,-8.482800
-2.308200,-8.482800
-2.358200,-8.482800
-2.408200,-8.482800
-2.458200,-8.482800
-2.508200,-8.482800
-2.558200,-8.482800
-2.608200,-8.482800
-2.658200,-8.482800
-2.708200,-8.482800
-2.758200,-8.482800
-2.808200,-8.482800
-2.858200,-8.482800
-2.908200,-8.482800
-2.958200,-8.482800
-3.008200,-8.482800
-3.058200,-8.482800
-3.108200,-8.482800
-3.158200,-8.482800
-3.208200,-8.482800
-3.258200,-8.482800
-3.308200,-8.482800
-3.358200,-8.482800
-3.408200,-8.482800
-3.458200,-8.482800
-3.508200,-8.482800
-3.558200,-8.482800
-3.608200,-8.482800
-3.658200,-8.482800
-3.708200,-8.482800
-3.758200,-8.482800
-3.808200,-8.482800
-3.858200,-8.482800
-3.908200,-8.482800
-3.958200,-8.482800
-4.008200,-8.482800
-4.058200,-8.482800
-4.108200,-8.482800
-4.158200,-8.482800
-4.208200,-8.482800
-4.258200,-8.482800
-4.308200,-8.482800
-4.358200,-8.482800
-4.408200,-8.482800
-4.458200,-8.482800
-4.508200,-8.482800
-4.558200,-8.482800
-4.608200,-8.482800
-4.658200,-8.482800
-4.708200,-8.482800
-4.758200,-8.482800
-4.808200,-8.482800
-4.858200,-8.482800
-4.908200,-8.482800
-4.958200,-8.482800
-5.008200,-8.482800
-5.058200,-8.482800
-5.108200,-8.482800
-5.158200,-8.482800
-5.208200,-8.482800
-5.258200,-8.482800
-5.308200,-8.482800
-5.358200,-8.482800
-5.408200,-8.482800
-5.458200,-8.482800
-5.508200,-8.482800
-5.558200,-8.482800
-5.608200,-8.482800
-5.658200,-8.482800
