x_m,y_m,w_tr_right_m,w_tr_left_m,psi_rad,kappa_radpm,vx_mps
12.513776,-0.154053,0.0,0.0,0.150790,-0.126129,2.100165
12.718403,-0.118564,0.0,0.0,0.226752,0.881645,1.633361
12.903227,-0.049083,0.0,0.0,0.546700,2.515251,1.632100
13.028198,0.083942,0.0,0.0,1.076720,2.242900,1.630838
13.092275,0.271498,0.0,0.0,1.360567,0.838570,1.717361
13.123247,0.478683,0.0,0.0,1.461217,0.163091,2.152914
13.145022,0.691667,0.0,0.0,1.476123,0.082898,2.646673
13.161524,0.885504,0.0,0.0,1.497284,0.133957,3.072643
13.173099,1.079268,0.0,0.0,1.524544,0.121930,3.405890
13.180359,1.279466,0.0,0.0,1.542242,0.052726,3.700790
13.185467,1.478009,0.0,0.0,1.546229,0.005074,4.008141
13.190310,1.677587,0.0,0.0,1.546627,-0.001229,4.322854
13.195153,1.875551,0.0,0.0,1.546063,-0.000780,4.618256
13.200053,2.075197,0.0,0.0,1.546709,0.007120,4.798577
13.204642,2.273749,0.0,0.0,1.549039,0.018101,4.523663
13.208540,2.473484,0.0,0.0,1.553930,0.030308,4.239610
13.211199,2.672402,0.0,0.0,1.561947,0.060899,3.956257
13.211450,2.871126,0.0,0.0,1.578528,0.103597,3.675805
13.207482,3.074369,0.0,0.0,1.604380,0.188599,3.419984
13.195685,3.272861,0.0,0.0,1.662874,0.398608,3.272182
13.167551,3.472971,0.0,0.0,1.765521,0.619525,3.263413
13.116497,3.666088,0.0,0.0,1.892583,0.627703,3.258820
13.041544,3.851481,0.0,0.0,2.017140,0.619539,3.256205
12.944280,4.026068,0.0,0.0,2.140819,0.612296,3.247831
12.826588,4.187291,0.0,0.0,2.261378,0.595820,3.234868
12.690097,4.333841,0.0,0.0,2.379613,0.585375,3.207559
12.537545,4.463012,0.0,0.0,2.499454,0.616775,3.174847
12.370255,4.572364,0.0,0.0,2.627461,0.665733,3.172396
12.189939,4.658658,0.0,0.0,2.762040,0.637082,3.169943
11.999901,4.721503,0.0,0.0,2.878918,0.532923,3.186264
11.804935,4.763565,0.0,0.0,2.976477,0.445527,3.263785
11.605450,4.788765,0.0,0.0,3.049898,0.281792,3.378945
11.406593,4.802570,0.0,0.0,3.088889,0.108051,3.576638
11.207688,4.811669,0.0,0.0,3.103026,0.097506,3.693004
11.008324,4.816822,0.0,0.0,3.131431,0.186014,3.438015
10.808148,4.814583,0.0,0.0,-3.105960,0.291763,3.214019
10.609216,4.800353,0.0,0.0,-3.027667,0.494486,3.085130
10.411671,4.766336,0.0,0.0,-2.907449,0.703848,3.081748
10.221236,4.705960,0.0,0.0,-2.762483,0.706564,3.079368
10.040925,4.619099,0.0,0.0,-2.623496,0.687264,3.076987
9.874750,4.508648,0.0,0.0,-2.488712,0.588981,3.087139
9.722265,4.380228,0.0,0.0,-2.406365,0.236100,3.154407
9.575191,4.243985,0.0,0.0,-2.394044,-0.111125,3.416832
9.426297,4.109909,0.0,0.0,-2.422000,-0.117388,3.717148
9.274447,3.979504,0.0,0.0,-2.440347,-0.066162,3.865250
9.121162,3.851321,0.0,0.0,-2.447452,0.013007,3.555470
8.968260,3.722590,0.0,0.0,-2.431806,0.143824,3.248491
8.819280,3.589682,0.0,0.0,-2.390270,0.270551,2.968720
8.674770,3.450930,0.0,0.0,-2.380908,-0.228986,2.666401
8.524469,3.319369,0.0,0.0,-2.483271,-0.799012,2.548715
8.356466,3.213393,0.0,0.0,-2.682426,-1.033007,2.546747
8.169295,3.143223,0.0,0.0,-2.881267,-0.969541,2.544778
7.971826,3.110783,0.0,0.0,-3.077438,-1.004480,2.575729
7.771199,3.117145,0.0,0.0,3.020049,-0.833254,2.576525
7.575540,3.156607,0.0,0.0,2.870608,-0.668422,2.663734
7.386395,3.222018,0.0,0.0,2.752593,-0.488951,2.804852
7.204498,3.305421,0.0,0.0,2.678996,-0.242501,2.999344
7.028212,3.396784,0.0,0.0,2.656105,-0.016065,3.284671
6.851900,3.490103,0.0,0.0,2.653789,-0.007029,3.658193
6.675208,3.583939,0.0,0.0,2.653313,0.002203,4.000421
6.500025,3.676936,0.0,0.0,2.653643,-0.001527,4.317850
6.323201,3.770874,0.0,0.0,2.652658,-0.008217,4.613342
6.145916,3.865424,0.0,0.0,2.650528,-0.010334,4.884607
5.970044,3.959670,0.0,0.0,2.648942,-0.005626,5.138404
5.793082,4.054757,0.0,0.0,2.648263,-0.001173,5.383519
5.616798,4.149553,0.0,0.0,2.648173,-0.000096,5.621671
5.440642,4.244285,0.0,0.0,2.648219,0.000557,5.850847
5.264377,4.339050,0.0,0.0,2.648428,0.002028,6.070516
5.087967,4.433796,0.0,0.0,2.649114,0.004840,5.967535
4.912157,4.528000,0.0,0.0,2.650365,0.007721,5.743085
4.735261,4.622506,0.0,0.0,2.651163,-0.001009,5.509509
4.559061,4.716687,0.0,0.0,2.649935,-0.011338,5.268619
4.383081,4.811234,0.0,0.0,2.647512,-0.001358,5.016205
4.206786,4.905945,0.0,0.0,2.650943,0.035798,4.772192
4.030463,4.999052,0.0,0.0,2.661828,0.073884,4.546799
3.851577,5.089546,0.0,0.0,2.688730,0.195078,4.414058
3.670010,5.172657,0.0,0.0,2.740041,0.319221,4.385162
3.483318,5.244337,0.0,0.0,2.810697,0.348959,4.381777
3.291989,5.302907,0.0,0.0,2.877312,0.317472,4.378388
3.097631,5.349135,0.0,0.0,2.937778,0.280792,4.402973
2.899889,5.384724,0.0,0.0,2.986791,0.206755,4.456308
2.702841,5.411832,0.0,0.0,3.020470,0.131432,4.449935
2.502795,5.433784,0.0,0.0,3.043333,0.102710,4.260108
2.304243,5.451451,0.0,0.0,3.061626,0.080451,4.024387
2.105047,5.465859,0.0,0.0,3.078023,0.104090,3.752431
1.905453,5.476081,0.0,0.0,3.104842,0.164370,3.490478
1.706398,5.479727,0.0,0.0,-3.138863,0.248059,3.245407
1.506907,5.473382,0.0,0.0,-3.076473,0.375928,3.037446
1.308078,5.452085,0.0,0.0,-2.989470,0.491073,2.851482
1.113677,5.411753,0.0,0.0,-2.880909,0.601875,2.676775
0.923141,5.347587,0.0,0.0,-2.749159,0.704340,2.496262
0.746958,5.258750,0.0,0.0,-2.593852,0.881407,2.339323
0.586801,5.138942,0.0,0.0,-2.398988,1.053972,2.194354
0.453451,4.986277,0.0,0.0,-2.176851,1.119916,2.061302
0.359217,4.807939,0.0,0.0,-1.927436,1.402635,1.887393
0.319959,4.616114,0.0,0.0,-1.599497,1.883740,1.885936
0.344521,4.422387,0.0,0.0,-1.321152,0.946160,1.884478
0.407575,4.229890,0.0,0.0,-1.214300,0.143798,2.209388
0.477729,4.039671,0.0,0.0,-1.225997,-0.060547,2.696748
0.544863,3.851560,0.0,0.0,-1.225897,0.062624,3.124807
0.613964,3.665259,0.0,0.0,-1.202211,0.119736,3.147363
0.686005,3.480224,0.0,0.0,-1.205907,-0.154755,2.773201
0.753042,3.291044,0.0,0.0,-1.263148,-0.410024,2.446044
0.804853,3.093531,0.0,0.0,-1.376705,-0.740174,2.163933
0.825556,2.893688,0.0,0.0,-1.577053,-1.296034,2.036010
0.795957,2.702932,0.0,0.0,-1.888386,-1.618773,2.034438
0.712088,2.525185,0.0,0.0,-2.099683,-0.555195,2.032864
0.605052,2.352186,0.0,0.0,-2.120031,0.335836,2.426508
0.507371,2.176262,0.0,0.0,-2.043892,0.201055,2.787005
0.417395,1.997783,0.0,0.0,-2.045576,-0.218871,2.825790
0.319515,1.822691,0.0,0.0,-2.120393,-0.261903,2.449224
0.214339,1.650321,0.0,0.0,-2.088095,0.598626,2.086927
0.132673,1.470927,0.0,0.0,-1.876459,1.540747,2.085316
0.102658,1.277500,0.0,0.0,-1.584832,1.297318,2.083703
0.124183,1.077538,0.0,0.0,-1.349808,1.073598,2.182180
0.189218,0.886259,0.0,0.0,-1.137423,1.027050,2.321515
0.290912,0.714046,0.0,0.0,-0.940407,0.936255,2.418035
0.421814,0.564884,0.0,0.0,-0.763590,0.846692,2.515562
0.577846,0.438834,0.0,0.0,-0.595778,0.832803,2.618199
0.751693,0.341075,0.0,0.0,-0.428129,0.851320,2.690860
0.939274,0.273990,0.0,0.0,-0.263316,0.715794,2.728334
1.135320,0.233847,0.0,0.0,-0.150849,0.409737,2.825042
1.333567,0.209995,0.0,0.0,-0.098048,0.145412,3.056165
1.533034,0.192773,0.0,0.0,-0.076945,0.063553,3.385540
1.731904,0.178130,0.0,0.0,-0.072944,-0.023376,3.719161
1.929853,0.162966,0.0,0.0,-0.079969,-0.032510,4.044846
2.129386,0.146383,0.0,0.0,-0.085568,-0.023523,4.336137
2.329053,0.128864,0.0,0.0,-0.088590,0.004246,4.612532
2.527971,0.111625,0.0,0.0,-0.082613,0.055275,4.887303
2.728307,0.096495,0.0,0.0,-0.066468,0.104314,5.099033
2.927520,0.084978,0.0,0.0,-0.050710,0.053807,5.249253
3.127427,0.075577,0.0,0.0,-0.044925,0.004152,5.440446
3.327259,0.066420,0.0,0.0,-0.047097,-0.010773,5.672993
3.526962,0.056872,0.0,0.0,-0.048049,0.001240,5.888443
3.726826,0.047367,0.0,0.0,-0.046617,0.011864,6.105920
3.926524,0.038275,0.0,0.0,-0.044434,0.009970,6.302939
4.126309,0.029579,0.0,0.0,-0.042629,0.008082,6.495116
4.326074,0.021203,0.0,0.0,-0.041309,0.004495,6.683133
4.525848,0.013005,0.0,0.0,-0.040868,-0.000087,6.869806
4.725654,0.004802,0.0,0.0,-0.041319,-0.003120,7.056836
4.925399,-0.003485,0.0,0.0,-0.041444,0.001863,7.234577
5.125202,-0.011700,0.0,0.0,-0.040574,0.006841,7.409352
5.324977,-0.019660,0.0,0.0,-0.039152,0.005408,7.572499
5.524772,-0.027407,0.0,0.0,-0.038499,0.001118,7.733653
5.724593,-0.035109,0.0,0.0,-0.038678,-0.001974,7.897436
5.924364,-0.042872,0.0,0.0,-0.038958,-0.000824,8.000000
6.124184,-0.050669,0.0,0.0,-0.039008,0.000324,8.000000
6.323964,-0.058456,0.0,0.0,-0.038910,0.000381,8.000000
6.523761,-0.066228,0.0,0.0,-0.038865,0.000069,8.000000
6.723575,-0.073999,0.0,0.0,-0.038879,-0.000132,8.000000
6.923351,-0.081772,0.0,0.0,-0.038895,-0.000031,8.000000
7.123171,-0.089548,0.0,0.0,-0.038892,0.000069,8.000000
7.322950,-0.097320,0.0,0.0,-0.038880,0.000014,8.000000
7.522749,-0.105092,0.0,0.0,-0.038887,-0.000080,8.000000
7.722556,-0.112868,0.0,0.0,-0.038908,-0.000058,7.996872
7.922335,-0.120645,0.0,0.0,-0.038893,0.000211,7.821843
8.122156,-0.128414,0.0,0.0,-0.038824,0.000479,7.643481
8.321931,-0.136168,0.0,0.0,-0.038790,-0.000307,7.460857
8.521732,-0.143935,0.0,0.0,-0.038950,-0.001295,7.275347
8.721535,-0.151752,0.0,0.0,-0.039248,-0.000610,7.084981
8.921312,-0.159585,0.0,0.0,-0.039003,0.003057,6.892191
9.121139,-0.167297,0.0,0.0,-0.038026,0.006721,6.698823
9.320907,-0.174778,0.0,0.0,-0.037006,0.002514,6.499711
9.520724,-0.182161,0.0,0.0,-0.037033,-0.002783,6.288864
9.720701,-0.189656,0.0,0.0,-0.037893,-0.002331,6.070698
9.920721,-0.197223,0.0,0.0,-0.037432,0.006953,5.849471
10.120254,-0.204495,0.0,0.0,-0.035104,0.016412,5.629923
10.320940,-0.211357,0.0,0.0,-0.034286,-0.011609,5.401491
10.520558,-0.218650,0.0,0.0,-0.039834,-0.044192,5.189519
10.720610,-0.227633,0.0,0.0,-0.048732,-0.006154,4.969190
10.921018,-0.236695,0.0,0.0,-0.037417,0.120528,4.805288
11.119309,-0.240873,0.0,0.0,-0.000325,0.237222,4.744713
11.319582,-0.237340,0.0,0.0,0.029657,0.059628,4.700991
11.519010,-0.231456,0.0,0.0,0.023229,-0.123795,4.516448
11.719531,-0.229384,0.0,0.0,0.003402,0.015000,4.329245
11.919814,-0.226640,0.0,0.0,0.032946,0.283310,4.252518
12.115848,-0.213056,0.0,0.0,0.109421,0.371068,4.249235
12.309720,-0.186352,0.0,0.0,0.155394,0.099193,4.245949
