x_m,y_m,w_tr_right_m,w_tr_left_m
4.137288,0.258024,0.944306,0.998995
4.223461,0.207810,1.022443,1.012344
4.315206,0.168615,0.983579,1.013093
4.410978,0.140632,0.955810,1.007676
4.509065,0.122362,0.937653,1.002138
4.608071,0.109935,0.925290,1.000606
4.707766,0.105815,0.921188,1.000689
4.807559,0.107256,0.922635,1.005153
4.907353,0.109102,0.924487,1.019019
5.007136,0.111418,0.926808,1.041849
5.106908,0.114153,0.929549,1.070972
5.206682,0.116867,0.932268,1.102471
5.306376,0.121225,0.936633,1.140354
5.405418,0.133269,0.948664,1.173495
5.502618,0.155574,0.970803,1.202002
5.596154,0.190102,1.005014,1.225887
5.683678,0.237812,1.052284,1.243344
5.762357,0.299020,1.060839,1.252645
5.829474,0.372728,0.998328,1.247982
5.883844,0.456220,0.944072,1.227373
5.924732,0.547191,0.903381,1.196273
5.956361,0.641805,0.874313,1.163201
5.982488,0.738116,0.861680,1.132345
6.002107,0.835949,0.867172,1.103115
6.015945,0.934780,0.861990,1.055431
6.025358,1.034138,0.852589,1.000399
6.032090,1.133720,0.845865,0.946780
6.038255,1.233339,0.839708,0.895346
6.044198,1.332964,0.833772,0.852337
6.049219,1.432644,0.828758,0.818400
6.050145,1.532442,0.827835,0.791593
6.048264,1.632231,0.829718,0.773982
6.044709,1.731973,0.833277,0.767350
6.041817,1.831739,0.836172,0.764460
6.038814,1.931493,0.839178,0.771336
6.037092,2.031289,0.840903,0.792087
6.033478,2.131019,0.844521,0.790490
6.028834,2.230720,0.849169,0.762599
6.025283,2.330467,0.832232,0.748191
6.022651,2.430242,0.816630,0.745563
6.022589,2.530028,0.810501,0.745500
6.026708,2.629750,0.801094,0.749618
6.033247,2.729343,0.794554,0.756160
6.037970,2.829039,0.789830,0.760883
6.042970,2.928724,0.784830,0.765882
6.048285,3.028393,0.779515,0.771197
6.053742,3.128054,0.774058,0.776655
6.059170,3.227716,0.775061,0.782082
6.064395,3.327390,0.788994,0.787308
6.069245,3.427082,0.801631,0.792158
6.073548,3.526799,0.770937,0.796460
6.077130,3.626545,0.753046,0.800040
6.079817,3.726318,0.749051,0.783279
6.081435,3.826115,0.747428,0.763987
6.081810,3.925924,0.747046,0.756219
6.080768,4.025727,0.748079,0.760158
6.078136,4.125501,0.750699,0.775455
6.077800,4.225306,0.751027,0.800038
6.079067,4.325096,0.749753,0.776935
6.081222,4.424882,0.747594,0.763751
6.081837,4.524689,0.746972,0.761959
6.081085,4.624495,0.747716,0.771810
6.079140,4.724286,0.749651,0.793035
6.076177,4.824052,0.764239,0.799893
6.072369,4.923789,0.792043,0.796089
6.067890,5.023499,0.810963,0.791614
6.062915,5.123185,0.815946,0.786642
6.057614,5.222854,0.821253,0.781345
6.052162,5.322515,0.826713,0.775895
6.046730,5.422178,0.832152,0.770466
6.041490,5.521850,0.837399,0.765230
6.036616,5.621541,0.842280,0.760359
6.032279,5.721257,0.846623,0.756027
6.028653,5.821001,0.829558,0.752406
6.025913,5.920773,0.811233,0.749671
6.024232,6.020569,0.803897,0.747994
6.023785,6.120377,0.804348,0.747549
6.024745,6.220181,0.803392,0.748508
6.027285,6.319957,0.800858,0.751042
6.027800,6.419759,0.800347,0.751557
6.027800,6.519570,0.800351,0.751559
6.027800,6.619380,0.800355,0.764500
6.027800,6.719190,0.800359,0.789939
6.027800,6.819000,0.800363,0.800586
6.027800,6.918811,0.800367,0.800585
6.027800,7.018621,0.800371,0.800584
6.027800,7.118431,0.800375,0.800583
6.027800,7.218242,0.803536,0.800582
6.027800,7.318052,0.818941,0.800581
6.027800,7.417862,0.845921,0.800580
6.025427,7.517637,0.852384,0.798210
6.023949,7.617435,0.852423,0.796732
6.023936,7.717244,0.824614,0.796719
6.025217,7.817045,0.806970,0.797997
6.027616,7.916826,0.800339,0.800395
6.030959,8.016580,0.796993,0.803737
6.035073,8.116305,0.792876,0.807850
6.039783,8.216004,0.788162,0.812560
6.044917,8.315682,0.783024,0.817695
6.050302,8.415347,0.777634,0.823081
6.055766,8.515007,0.772166,0.828545
6.061136,8.614673,0.766792,0.810986
6.066240,8.714353,0.761683,0.796116
6.070906,8.814054,0.757014,0.793177
6.074960,8.913781,0.752957,0.797231
6.078229,9.013538,0.749686,0.800500
6.080538,9.113320,0.747374,0.776232
6.081714,9.213123,0.746196,0.759235
6.081582,9.312932,0.746326,0.753849
6.079969,9.412727,0.747936,0.752236
6.077800,9.512505,0.750101,0.750068
6.077800,9.612315,0.750099,0.750068
6.077800,9.712126,0.750097,0.750068
6.077800,9.811936,0.750095,0.750069
6.077800,9.911746,0.750093,0.750069
6.077800,10.011556,0.750091,0.750069
6.080022,10.111333,0.747866,0.752292
6.081600,10.211129,0.746286,0.753869
6.081700,10.310938,0.746184,0.753970
6.080497,10.410741,0.747385,0.752767
6.078164,10.510523,0.749715,0.750434
6.074876,10.610278,0.753001,0.747146
6.070806,10.710005,0.757067,0.743075
6.066129,10.809706,0.761741,0.738397
6.061017,10.909385,0.766849,0.733284
6.055642,11.009050,0.772219,0.727909
6.048030,11.108561,0.779825,0.720294
6.041753,11.208156,0.786098,0.714014
6.036778,11.307833,0.791070,0.709038
6.032477,11.407548,0.795368,0.713054
6.029997,11.507326,0.797846,0.719869
6.030028,11.607119,0.795362,0.742086
6.033649,11.706863,0.763602,0.756438
6.037522,11.806598,0.743724,0.760307
6.041822,11.906316,0.736519,0.764600
6.046719,12.006005,0.731615,0.769490
6.051571,12.105688,0.726757,0.762247
6.053228,12.205484,0.719959,0.740635
6.054017,12.305290,0.690666,0.727902
6.053936,12.405100,0.675865,0.713652
6.052986,12.504905,0.676508,0.687312
6.053231,12.604708,0.676253,0.658984
6.052224,12.704509,0.667059,0.633660
6.048862,12.804260,0.642603,0.600870
6.043324,12.903914,0.635291,0.572215
6.037818,13.003567,0.640805,0.560155
6.030860,13.103129,0.622884,0.553194
6.026961,13.202856,0.611241,0.549294
6.020254,13.302405,0.607680,0.542584
6.016990,13.402158,0.610947,0.550625
6.011199,13.501796,0.598380,0.573716
6.006531,13.601496,0.578742,0.593619
5.999370,13.701022,0.578470,0.616724
5.987758,13.800144,0.590073,0.650350
5.971708,13.898644,0.606109,0.692892
5.951014,13.996274,0.603316,0.736668
5.924765,14.092556,0.608406,0.780399
5.892550,14.186997,0.635399,0.824533
5.853982,14.279015,0.673843,0.862490
5.808518,14.367821,0.694235,0.893267
5.754576,14.451769,0.730175,0.914547
5.693394,14.530588,0.784705,0.929038
5.624691,14.602864,0.854536,0.943560
5.548274,14.666970,0.921871,0.947854
5.465948,14.723289,0.987528,0.952858
5.378603,14.771478,0.964990,0.958734
5.287064,14.811092,0.925739,0.965420
5.191343,14.839299,0.897766,0.970253
5.093881,14.860756,0.876672,0.978349
4.995203,14.875643,0.873306,0.989874
4.895799,14.884066,0.887709,0.983952
4.796036,14.887056,0.901601,0.965053
4.696238,14.888598,0.908247,0.954804
4.596444,14.890336,0.920010,0.955130
4.496726,14.894444,0.939967,0.959233
4.397343,14.903414,0.932538,0.968181
4.298238,14.915260,0.920702,0.979995
4.199101,14.926829,0.909143,0.972040
4.099876,14.937616,0.898367,0.962671
4.000520,14.947111,0.888882,0.962285
3.900964,14.953930,0.882069,0.969108
3.801372,14.960320,0.875685,0.951347
3.701862,14.968050,0.867963,0.940525
3.602358,14.975862,0.860159,0.940314
3.502821,14.983241,0.852788,0.947697
3.403219,14.989674,0.846362,0.953791
3.303534,14.994640,0.841401,0.931604
3.203810,14.998607,0.837439,0.918773
3.104152,15.004109,0.831944,0.918227
3.004443,15.008578,0.827480,0.917872
2.904682,15.011666,0.824397,0.895032
2.804986,15.016242,0.819826,0.884437
2.705316,15.021517,0.814558,0.885738
2.605628,15.026450,0.809631,0.890669
2.505915,15.030869,0.805218,0.895086
2.406210,15.035297,0.800796,0.899513
2.306545,15.040609,0.795492,0.894659
2.206776,15.043322,0.792784,0.873077
2.106972,15.044102,0.792007,0.860644
2.007173,15.044061,0.792052,0.858874
1.907430,15.040502,0.795614,0.855317
1.807643,15.040578,0.795542,0.865236
1.707847,15.042203,0.793921,0.887846
1.608041,15.042121,0.794006,0.907292
1.508305,15.038543,0.797588,0.904358
1.408905,15.029669,0.806473,0.907120
1.310329,15.014140,0.822031,0.914132
1.213570,14.989776,0.846473,0.922974
1.119706,14.955959,0.880465,0.932664
1.030282,14.911741,0.902920,0.937306
0.947231,14.856494,0.819598,0.934325
0.872489,14.790461,0.746330,0.928366
0.807602,14.714735,0.680270,0.919274
0.753415,14.631014,0.625680,0.898318
0.711567,14.540538,0.583767,0.863735
0.679904,14.445926,0.552134,0.818959
0.656467,14.348944,0.528739,0.773591
0.639732,14.250561,0.512036,0.732497
0.628253,14.151420,0.500577,0.696266
0.620721,14.051900,0.493056,0.649315
0.615685,13.952219,0.488027,0.602709
0.611312,13.852505,0.491440,0.561346
0.605528,13.752866,0.513227,0.537010
0.600715,13.653181,0.522978,0.529662
0.596412,13.553467,0.518673,0.531572
0.593211,13.453714,0.515469,0.534773
0.589650,13.353969,0.511905,0.538334
0.586801,13.254208,0.509054,0.541182
0.582441,13.154493,0.504690,0.523059
0.578784,13.054751,0.501032,0.507662
0.576006,12.954980,0.498251,0.501836
0.574280,12.855185,0.496524,0.503562
0.573781,12.755377,0.496023,0.504061
0.573702,12.655573,0.507154,0.515187
0.573875,12.555769,0.525396,0.532937
0.573772,12.455963,0.546625,0.554699
0.573446,12.356160,0.546293,0.568733
0.572979,12.256356,0.545820,0.599418
0.575103,12.156572,0.547934,0.620556
0.577161,12.056787,0.549982,0.649667
0.581901,11.957096,0.554705,0.675369
0.586440,11.857394,0.559228,0.703096
0.591920,11.757741,0.564689,0.742456
0.597794,11.658104,0.570544,0.783079
0.607727,11.558809,0.580440,0.827903
0.622851,11.460172,0.595498,0.859526
0.641072,11.362045,0.613640,0.878694
0.665509,11.265331,0.637964,0.890538
0.695581,11.170162,0.667913,0.903573
0.728401,11.075918,0.700642,0.909536
0.766256,10.983570,0.738456,0.910197
0.808409,10.893098,0.780667,0.905124
0.851833,10.803230,0.824266,0.899051
0.898356,10.714937,0.871116,0.889200
0.947451,10.628052,0.920717,0.861213
0.999535,10.542908,0.905461,0.839085
1.052005,10.458003,0.882412,0.828017
1.106067,10.374108,0.861224,0.803723
1.162222,10.291622,0.842534,0.778647
1.219829,10.210117,0.825579,0.764101
1.277146,10.128410,0.808275,0.732100
1.334085,10.046449,0.790522,0.707767
1.390496,9.964119,0.772131,0.697651
1.445285,9.880691,0.751804,0.695997
1.500668,9.797664,0.732188,0.684305
1.556419,9.714877,0.713007,0.664455
1.611336,9.631533,0.692839,0.646408
1.666124,9.548104,0.672521,0.635555
1.720049,9.464124,0.651200,0.634411
1.772362,9.379125,0.628013,0.630232
1.827763,9.296110,0.608438,0.615453
1.883035,9.213018,0.599419,0.591132
1.936837,9.128952,0.603071,0.580508
1.990059,9.044517,0.593368,0.552527
2.039730,8.957954,0.590709,0.532736
2.089357,8.871358,0.564406,0.503271
2.140453,8.785619,0.553924,0.483862
2.192495,8.700462,0.552407,0.483547
2.244348,8.615183,0.528621,0.485857
2.296614,8.530154,0.505314,0.483416
2.349108,8.445268,0.498676,0.448340
2.403280,8.361441,0.497540,0.431892
2.455538,8.276410,0.490098,0.424190
2.506855,8.190806,0.485246,0.435657
2.555642,8.103741,0.479803,0.462790
2.605270,8.017155,0.467622,0.496291
2.654113,7.930121,0.442182,0.546963
2.700685,7.841859,0.435944,0.553089
2.743803,7.751861,0.448463,0.573202
2.781078,7.659307,0.462387,0.574656
2.813344,7.564903,0.472019,0.597145
2.839113,7.468479,0.470310,0.633188
2.861413,7.371256,0.485952,0.666061
2.871581,7.272049,0.494067,0.721690
2.871327,7.172299,0.507104,0.793379
2.861249,7.073028,0.529439,0.780546
2.844454,6.974666,0.517843,0.722755
2.819668,6.878060,0.509188,0.672206
2.785345,6.784355,0.510044,0.630568
2.741692,6.694600,0.520209,0.598278
2.692862,6.607585,0.513322,0.573849
2.638784,6.523714,0.514254,0.560531
2.581868,6.441736,0.513607,0.563018
2.521079,6.362587,0.508492,0.554595
2.458686,6.284682,0.519484,0.547806
2.394589,6.208177,0.529432,0.561199
2.329158,6.132807,0.555727,0.562693
2.263218,6.057909,0.575945,0.556366
2.195334,5.984740,0.579687,0.553946
2.127316,5.911698,0.583246,0.557053
2.058732,5.839184,0.586029,0.578395
1.990558,5.766286,0.589376,0.578151
1.921308,5.694410,0.591238,0.585058
1.852338,5.622264,0.593489,0.608112
1.783276,5.550215,0.595607,0.611512
1.714581,5.477812,0.601339,0.619816
1.647123,5.404249,0.613737,0.636429
1.578375,5.331897,0.635634,0.646382
1.510720,5.258516,0.648964,0.665979
1.442512,5.185651,0.672192,0.676806
1.374079,5.112996,0.692134,0.702095
1.305397,5.040576,0.715522,0.730025
1.236198,4.968649,0.725331,0.744906
1.166458,4.897247,0.734864,0.763682
1.097673,4.824925,0.758807,0.779161
1.028903,4.752587,0.767221,0.788845
0.962544,4.678050,0.772990,0.789830
0.898556,4.601453,0.781884,0.800221
0.837585,4.522432,0.794612,0.805233
0.778093,4.442293,0.810295,0.806263
0.720625,4.360694,0.827424,0.800950
0.665857,4.277258,0.788223,0.790387
0.614411,4.191738,0.739871,0.788439
0.566607,4.104134,0.706470,0.794900
0.527170,4.012545,0.695321,0.789536
0.493738,3.918516,0.666935,0.782128
0.464811,3.823003,0.638322,0.782676
0.439891,3.726362,0.613684,0.791741
0.418076,3.628968,0.592125,0.809961
0.402188,3.530504,0.576409,0.776678
0.389311,3.431528,0.563662,0.740738
0.377046,3.332485,0.551504,0.710132
0.364723,3.233440,0.539150,0.673831
0.353092,3.134313,0.527493,0.650258
0.341522,3.035181,0.515897,0.637343
0.331252,2.935904,0.505609,0.617877
0.322686,2.836467,0.499436,0.608231
0.315257,2.736937,0.511261,0.613722
0.309272,2.637312,0.532547,0.593636
0.301952,2.537780,0.525269,0.584910
0.293931,2.438293,0.517295,0.577660
0.287192,2.338712,0.510596,0.553993
0.282083,2.239033,0.505518,0.536852
0.278956,2.139274,0.502412,0.511044
0.278163,2.039469,0.501630,0.501696
0.274156,1.939751,0.497650,0.503645
0.270565,1.840009,0.494083,0.507236
0.267048,1.740267,0.490591,0.520252
0.266286,1.640461,0.492601,0.548779
0.267702,1.540663,0.516413,0.591055
0.268304,1.440855,0.540740,0.620553
0.268830,1.341047,0.541269,0.658170
0.271627,1.241280,0.544071,0.698521
0.278307,1.141703,0.550759,0.746816
0.290032,1.042604,0.562504,0.800595
0.307878,0.944435,0.585660,0.857814
0.332973,0.847874,0.618024,0.907686
0.366499,0.753913,0.669409,0.950116
0.409583,0.663936,0.732002,0.983151
0.463051,0.579717,0.785971,1.004855
0.527113,0.503254,0.850393,1.019891
0.598867,0.433921,0.921148,1.034107
0.678910,0.374369,1.001506,1.045072
0.765058,0.324073,1.002588,1.054430
0.856726,0.284781,0.975753,1.060888
0.952848,0.258263,0.971093,1.050089
1.051832,0.246390,0.960761,1.029545
1.151497,0.248658,0.963035,1.004361
1.250025,0.263955,0.978362,0.975753
1.346058,0.290851,1.005353,0.945101
1.438843,0.327516,1.035843,0.908389
1.528075,0.372154,0.952575,0.868648
1.613076,0.424380,0.873835,0.830630
1.694744,0.481733,0.796702,0.797341
1.772249,0.544560,0.729968,0.757878
1.843319,0.614595,0.679881,0.709138
1.907540,0.690920,0.650466,0.663103
1.966731,0.771273,0.611240,0.623462
2.021392,0.854775,0.556412,0.592617
2.073305,0.940016,0.504771,0.559835
2.123654,1.026196,0.459431,0.534619
2.173979,1.112390,0.432791,0.509409
2.225044,1.198148,0.427468,0.485056
2.279361,1.281860,0.426512,0.469097
2.338126,1.362513,0.436560,0.479379
2.401910,1.439243,0.445664,0.481816
2.471966,1.510245,0.446320,0.508299
2.549149,1.573438,0.448732,0.528210
2.634278,1.625312,0.442690,0.573888
2.726386,1.663502,0.443704,0.590379
2.823471,1.686294,0.450900,0.599779
2.922962,1.693213,0.457833,0.558128
3.022336,1.685092,0.455839,0.527571
3.119501,1.662842,0.461311,0.510693
3.212270,1.626407,0.473338,0.502669
3.298877,1.577014,0.475209,0.497840
3.378644,1.517218,0.482682,0.511248
3.450960,1.448498,0.485216,0.524843
3.516729,1.373467,0.478656,0.558853
3.573351,1.291342,0.470039,0.592243
3.622233,1.204354,0.457428,0.627750
3.663677,1.113587,0.458080,0.662402
3.699387,1.020398,0.473992,0.702866
3.732353,0.926191,0.506692,0.746108
3.764213,0.831603,0.537990,0.790539
3.797183,0.737399,0.570483,0.834023
3.833895,0.644610,0.606753,0.873898
3.876340,0.554304,0.648808,0.907931
3.926651,0.468185,0.706657,0.934603
3.987374,0.389057,0.773696,0.959098
4.057994,0.318575,0.854105,0.980635
