s_m,x_m,y_m,psi_rad,kappa_radpm,vx_mps,ax_mps2,d_right,d_left
0.000000000000000000e+00,1.129956159803782789e+01,-5.908484110873737372e-01,-1.380907014666860499e+00,2.299666156369353787e-01,3.661867725587591771e+00,-1.546965986294546402e+00,5.418678394297947731e-01,8.991223611724413756e-01
9.974840318643650450e-02,1.139728922371136655e+01,-5.708816650061916409e-01,-1.357434243992128087e+00,2.406986340796134216e-01,3.619483452906894883e+00,-1.469561878621507223e+00,5.617972909132803450e-01,8.878135459522117356e-01
1.994968063728730090e-01,1.149450849133959096e+01,-5.485746032456977339e-01,-1.332883802333481915e+00,2.515680564754383952e-01,3.578755029939113985e+00,-1.392618797364036043e+00,5.845666353955910610e-01,8.654776970418680548e-01
2.992452095593094996e-01,1.159113785177558498e+01,-5.238350080034689382e-01,-1.307241943879574819e+00,2.625957699220369257e-01,3.539726622459077987e+00,-1.315435968985277038e+00,6.142008515780179589e-01,8.236595138091041823e-01
3.989936127457460180e-01,1.168708516964121280e+01,-4.965732418766446998e-01,-1.280490821906366872e+00,2.738014916319712611e-01,3.502461889435056097e+00,-1.237170918538898379e+00,6.498308050548473602e-01,7.789829320437449134e-01
4.987420159321825364e-01,1.178225267540509336e+01,-4.667012112024102599e-01,-1.252612580410969123e+00,2.852118363672528356e-01,3.467048837233055014e+00,-1.156972003606766108e+00,6.906677303417347868e-01,7.394629368872774888e-01
5.984904191186189992e-01,1.187653087412529906e+01,-4.341343399128383407e-01,-1.223584349752544043e+00,2.968497348307865269e-01,3.433600940700113568e+00,-1.073751747708421300e+00,7.402834857569953186e-01,7.019988919673713079e-01
6.982388223050555176e-01,1.196980402459619519e+01,-3.987901406955382533e-01,-1.193383237866681768e+00,3.087492001664712271e-01,3.402264742119811114e+00,-9.864146590952106441e-01,7.839598710931854342e-01,6.659784543667686130e-01
7.979872254914920360e-01,1.206194340995830494e+01,-3.605908370914168160e-01,-1.161980224877934287e+00,3.209366554255638770e-01,3.373220834932498580e+00,-8.935021546680349536e-01,8.222440242867277149e-01,6.278972633824557725e-01
8.977356286779285544e-01,1.215281339134655347e+01,-3.194614402597314995e-01,-1.129346296611213107e+00,3.334548422584360794e-01,3.346695082447630032e+00,-7.935170563135722777e-01,8.633743256019327239e-01,5.867972978897928460e-01
9.974840318643650727e-01,1.224226397688759960e+01,-2.753332007401642079e-01,-1.095444929306958359e+00,3.463349601157525437e-01,3.322960104536644810e+00,-6.843818861130163134e-01,9.072900852130465488e-01,5.423260965112783882e-01
1.097232435050801591e+00,1.233013749703287765e+01,-2.281410539438829821e-01,-1.060239451150942092e+00,3.596339382108324489e-01,3.302352472968807628e+00,-5.639941907662615606e-01,9.540475415585757402e-01,4.990723864974640489e-01
1.196980838237237998e+00,1.241626038155260758e+01,-1.778281274617469487e-01,-1.023683940543995696e+00,3.733855784923750254e-01,3.285272715597972404e+00,-4.294559289417058112e-01,1.003567501077922364e+00,4.584419830240911709e-01
1.296729241423674628e+00,1.250045055442792652e+01,-1.243424080000739146e-01,-9.857328944723597886e-01,3.876539371713690896e-01,3.272207470431957699e+00,-2.797764818566781386e-01,1.055669005356528523e+00,4.267379030797932571e-01
1.396477644610111035e+00,1.258250838889179768e+01,-6.764265419829271209e-02,-9.463296215221052021e-01,4.023141847533904802e-01,3.263667754983963665e+00,-1.654725808017941668e-01,1.110407828360640448e+00,3.972611263915122315e-01
1.496226047796547665e+00,1.266223015237467031e+01,-7.700571876589274063e-03,-9.056607115275108200e-01,4.132422232538140450e-01,3.258606445017536934e+00,-4.101777415021506251e-02,1.167973514293704218e+00,3.720768664782317936e-01
1.595974450982984072e+00,1.273941167406968233e+01,5.547464494784235672e-02,-8.638662694748564519e-01,4.241148679691758017e-01,3.257350617996524367e+00,-4.101777415020615991e-02,1.231106727272095913e+00,3.540606725771985874e-01
1.695722854169420479e+00,1.281386986321712307e+01,1.218384656140579503e-01,-8.218599759803408844e-01,4.182567833961514103e-01,3.256094306621792001e+00,3.187917966591824470e-02,1.298277864612034538e+00,3.472113944204201497e-01
1.795471257355857109e+00,1.288549602293725549e+01,1.912516397808290414e-01,-7.803999035290769548e-01,4.129528567846648124e-01,3.257070758848813696e+00,9.141762810948036999e-02,1.369001139872165540e+00,3.524730062374724637e-01
1.895219660542293516e+00,1.295420667272664694e+01,2.635507231778712045e-01,-7.396599962293662900e-01,4.040021895323998025e-01,3.259869238635502597e+00,1.886640609272180746e-01,1.445389097834181680e+00,3.703695060769434111e-01
1.994968063728730145e+00,1.301994910688242335e+01,3.385605179950037513e-01,-6.997806574062925833e-01,3.957111455266496547e-01,3.265637048208867910e+00,2.698664515139439501e-01,1.525181438629154007e+00,3.999096334510815476e-01
2.094716466915166553e+00,1.308267964329423982e+01,4.161060678514983402e-01,-6.606971889697230704e-01,3.880207554083751620e-01,3.273869702028249673e+00,3.375730114202572518e-01,1.588787731005795179e+00,4.391946690888930416e-01
2.194464870101603182e+00,1.314236276060665887e+01,4.960219351984953007e-01,-6.223521640999463145e-01,3.809156393438360433e-01,3.284138785671907979e+00,3.934255049952393168e-01,1.538735531398629730e+00,4.880814761016601944e-01
2.294213273288039812e+00,1.319896645655590106e+01,5.781471759599112747e-01,-5.846877452293330890e-01,3.743550256965649803e-01,3.296066548986342770e+00,4.390975196533341562e-01,1.494307135979257461e+00,5.456335918861087153e-01
2.393961676474475997e+00,1.325246478445034626e+01,6.623292214449786330e-01,-5.476519405692901188e-01,3.683198570034857955e-01,3.309328217056118682e+00,4.757612297506025323e-01,1.453824517350190249e+00,6.093674546711523865e-01
2.493710079660912626e+00,1.330283438908295857e+01,7.484194037634688268e-01,-5.111929205027694323e-01,3.627751594440574712e-01,3.323637479349260460e+00,5.046071816864674542e-01,1.420697350660647285e+00,6.487043891125109374e-01
2.593458482847349256e+00,1.335005636559965758e+01,8.362762645584550514e-01,-4.752634503927213316e-01,3.577085830939215616e-01,3.338747312294593428e+00,5.263942780348590533e-01,1.386415874613062149e+00,6.771745996928401068e-01
2.693206886033785441e+00,1.339411368180017803e+01,9.257616689370379293e-01,-4.398163148175484594e-01,3.530922740967012419e-01,3.354437000856519191e+00,5.419654790553157797e-01,1.345907613877434628e+00,7.116739008916118658e-01
2.792955289220222070e+00,1.343499248862326922e+01,1.016743591608277431e+00,-4.048079223948386485e-01,3.489165560285303336e-01,3.370514497068831883e+00,5.518377505891204349e-01,1.309443601402198398e+00,7.447188668710436055e-01
2.892703692406658700e+00,1.347268024831689281e+01,1.109092781186884258e+00,-3.701947343625215936e-01,3.451590671848797642e-01,3.386806437313723883e+00,5.566209831976370870e-01,1.281572195372899348e+00,7.780605177020414320e-01
2.992452095593095329e+00,1.350716662253861422e+01,1.202685042731038711e+00,-3.359360289452510973e-01,3.418127875530251325e-01,3.403160582802071676e+00,5.566662198789621430e-01,1.258665134983939060e+00,8.134332565324645659e-01
3.092200498779531515e+00,1.353844215087618785e+01,1.297398429346861226e+00,-3.019911224311526698e-01,3.388603093176674186e-01,3.419437831781599879e+00,5.524176108283173070e-01,1.244246725796902098e+00,8.451567451282651078e-01
3.191948901965968144e+00,1.356649881410282177e+01,1.393115045420180831e+00,-2.683214740970167878e-01,3.362964835396092256e-01,3.435514609860308877e+00,5.441203918124030148e-01,1.223202041525656592e+00,8.734486360933204629e-01
3.291697305152404773e+00,1.359132914166045047e+01,1.489718738336803572e+00,-2.348885782401946010e-01,3.341082900350992313e-01,3.451276707975261981e+00,5.320998385404518416e-01,1.198326537491579247e+00,8.983641977608417539e-01
3.391445708338840959e+00,1.361292653334105118e+01,1.587096441243253997e+00,-2.016554913899488710e-01,3.322920855673274221e-01,3.466621284979497730e+00,5.165337318518605780e-01,1.176636951975275291e+00,9.199459583028782861e-01
3.491194111525277588e+00,1.363128469561917200e+01,1.685136341257716941e+00,-1.685852949236179565e-01,3.308389358614574616e-01,3.481452277909494963e+00,4.976590027792062165e-01,1.159023464747959142e+00,9.381768840605267945e-01
3.590942514711714217e+00,1.364639779255245777e+01,1.783728777094763407e+00,-1.356421193861736540e-01,3.297463290456540963e-01,3.495681814049781622e+00,4.756143982549368432e-01,1.148662234301355278e+00,9.531800338319034172e-01
3.690690917898150847e+00,1.365826012833934477e+01,1.882764863129133603e+00,-1.027901107036279793e-01,3.290092206749057890e-01,3.509227108437866338e+00,4.505695348423979230e-01,1.144815822693796115e+00,9.649998563256095840e-01
3.790439321084587032e+00,1.366686619042430983e+01,1.982136952544424124e+00,-6.999399522438110033e-02,3.286259830717636055e-01,3.522011084855519947e+00,4.226444710496627399e-01,1.150222030577410459e+00,9.737346325773149625e-01
3.890187724271023662e+00,1.367221050770200108e+01,2.081737700842670957e+00,-3.721850144077754052e-02,3.285954315917860580e-01,3.533960710598055943e+00,-1.400096025409990064e-01,1.161459242988990725e+00,9.706259938413142052e-01
3.989936127457460291e+00,1.367428764356311177e+01,2.181460100484603704e+00,-4.428495329759973842e-03,3.289165962478566296e-01,3.530006633914765324e+00,-4.921199254298311843e-01,1.166098854135434015e+00,9.557453595511552491e-01
4.089684530643896920e+00,1.367309216808041761e+01,2.281196971885509850e+00,2.841117035257800794e-02,3.295922500737482608e-01,3.516073162209020886e+00,-5.185496512580081152e-01,1.167491374453587527e+00,9.407755350121221882e-01
4.189432933830333106e+00,1.366861865658916741e+01,2.380840570534282996e+00,6.133594001789721695e-02,3.306219039257665693e-01,3.501331387149009267e+00,-5.422304202297396625e-01,1.172117992293916222e+00,9.291625496490181213e-01
4.289181337016769291e+00,1.366086171969924479e+01,2.480282498268397529e+00,9.438129137284390069e-02,3.320125513730045053e-01,3.485849716422202871e+00,-5.630011380478916472e-01,1.180164383946354700e+00,9.180401790346373048e-01
4.388929740203206364e+00,1.364981606336777098e+01,2.579412878768836848e+00,1.275834418485795041e-01,3.337640016536544407e-01,3.469701905993640700e+00,-5.808164026037241356e-01,1.196314674334892025e+00,8.991017005648754834e-01
4.488678143389642550e+00,1.363547652372507279e+01,2.678120686885110846e+00,1.609786634906034131e-01,3.358878506735135661e-01,3.452963987510944133e+00,-5.954537153279307882e-01,1.217641029831341593e+00,8.692808941287769597e-01
4.588426546576079623e+00,1.361783824812424015e+01,2.776292483346776141e+00,1.946044370343011920e-01,3.383841090898819237e-01,3.435719602135292927e+00,-6.068649124463497690e-01,1.248098452280886672e+00,8.385202872950532349e-01
4.688174949762515809e+00,1.359689668133726492e+01,2.873813164606370041e+00,2.284983365334931626e-01,3.412697142402817407e-01,3.418055232520957443e+00,-6.147454423429249415e-01,1.284299518901359960e+00,8.117531225926715166e-01
4.787923352948951994e+00,1.357264793243441225e+01,2.970564242301113378e+00,2.626996543540869311e-01,3.445445286009168884e-01,3.400067914039983208e+00,-6.189744367451857077e-01,1.318694462774236964e+00,7.828090317710896251e-01
4.887671756135389067e+00,1.354508865898945835e+01,3.066425021798218964e+00,2.972477940330939816e-01,3.482314096422000071e-01,3.381860197691071157e+00,-6.143961891066445080e-01,1.346383421497368005e+00,7.522084104237999336e-01
4.987420159321825253e+00,1.351421669675060144e+01,3.161270407702639673e+00,3.321844624507759303e-01,3.523303179165057086e-01,3.363689688296566338e+00,-6.046689700534402245e-01,1.377517096959190557e+00,7.214281240015838481e-01
5.087168562508261438e+00,1.348003077838020047e+01,3.254972522315718653e+00,3.675515677457641406e-01,3.568717902796629815e-01,3.345710506112896887e+00,-5.895232055035756202e-01,1.412003168409191822e+00,6.874786843257039148e-01
5.186916965694698511e+00,1.344253151165644411e+01,3.347398012508938425e+00,4.033939808618043354e-01,3.618548280019391883e-01,3.328088158978597999e+00,-5.681009933573351045e-01,1.451302414378764283e+00,6.503361612382529966e-01
5.286665368881134697e+00,1.340172087184032534e+01,3.438410127597081978e+00,4.397567790767156204e-01,3.673184001903049833e-01,3.311017435783373930e+00,-5.399693919441730383e-01,1.498364478790491949e+00,6.143286920592802014e-01
5.386413772067570882e+00,1.335760364182270976e+01,3.527865502160338007e+00,4.766888188264850612e-01,3.732614038381156796e-01,3.294710046548792182e+00,-5.039284327506428074e-01,1.549186619506009110e+00,5.797320172115278947e-01
5.486162175254007956e+00,1.331018659145414595e+01,3.615616711882719603e+00,5.142392952422261132e-01,3.797341652556519564e-01,3.279417963275694348e+00,-4.593023533825457694e-01,1.606289873011751190e+00,5.488269466291634258e-01
5.585910578440444141e+00,1.325948050840483461e+01,3.701508500734439266e+00,5.524621450908000497e-01,3.867340523426291421e-01,3.265417710675916130e+00,-4.044016293858509470e-01,1.668777168344311113e+00,5.235524683133446766e-01
5.685658981626880326e+00,1.320549897841043929e+01,3.785380843009801932e+00,5.914117132881244743e-01,3.943250881077539072e-01,3.253041037497295118e+00,-3.381409389399449017e-01,1.734223956576146364e+00,4.878204761955070023e-01
5.785407384813317400e+00,1.314826117808591199e+01,3.867064588485134902e+00,6.311483104468216254e-01,4.025040518309483950e-01,3.242656003065856218e+00,-2.580513497652981436e-01,1.789402748919977748e+00,4.554346851940203611e-01
5.885155787999753585e+00,1.308779013134384783e+01,3.946385046298375165e+00,6.717331032332203300e-01,4.113561599111383860e-01,3.234708261043126587e+00,-1.695085337978195494e-01,1.791336466460126120e+00,4.113103182587061202e-01
5.984904191186190658e+00,1.302411647441632248e+01,4.023157033162449103e+00,7.132301373314455795e-01,4.203193200184711653e-01,3.229476911655358773e+00,-9.894656674717960954e-02,1.720923912485750051e+00,3.715991460002937563e-01
6.084652594372626844e+00,1.295728235760578428e+01,4.097195101429195851e+00,7.554933791777376229e-01,4.272103382658111181e-01,3.226419315409485122e+00,-4.021146382807871955e-02,1.651917694635290923e+00,3.460214904236179057e-01
6.184400997559063029e+00,1.288735582242554756e+01,4.168317008932810097e+00,7.984642624903175445e-01,4.326191143521387894e-01,3.225175892914079689e+00,-4.021146382807835873e-02,1.585112896561675866e+00,3.318237625882718977e-01
6.284149400745500103e+00,1.281443402957021149e+01,4.236365533542743478e+00,8.413598160618933619e-01,4.275887710684443954e-01,3.223931990849194573e+00,2.176906302718050606e-02,1.520711571944401541e+00,3.277436056606327086e-01
6.383897803931936288e+00,1.273867591710570402e+01,4.301243019159547210e+00,8.837895184197970266e-01,4.227967119372639249e-01,3.224605454962281570e+00,7.505367236170672196e-02,1.458721944794675984e+00,3.332017383800254251e-01
6.483646207118372473e+00,1.266025191133156724e+01,4.362870458870879098e+00,9.256155293755115032e-01,4.159487295499308956e-01,3.226926294186965194e+00,1.471934383015753300e-01,1.399246871060995101e+00,3.474560243673609494e-01
6.583394610304809547e+00,1.257933819164999001e+01,4.421191929091167871e+00,9.667945257950423255e-01,4.098308851426695765e-01,3.231473027734476755e+00,2.044920433459480047e-01,1.342650012330026232e+00,3.640633667573144328e-01
6.683143013491245732e+00,1.249610852783614590e+01,4.476157223565403243e+00,1.007397149000887726e+00,4.043762970823516212e-01,3.237779090449440567e+00,2.492925025647653725e-01,1.289012993261413831e+00,3.852512193101387261e-01
6.782891416677681917e+00,1.241072926945972377e+01,4.527721413842687781e+00,1.047488784149760654e+00,3.995910289803097371e-01,3.245450122350669986e+00,2.827581351057580905e-01,1.238417466635483466e+00,4.078613512878730973e-01
6.882639819864118991e+00,1.232336306610329935e+01,4.575841892939067179e+00,1.087134727995545003e+00,3.954278361598737579e-01,3.254129045012740029e+00,3.064788015935139831e-01,1.190956550611796061e+00,4.321680084395263521e-01
6.982388223050555176e+00,1.223416663014767281e+01,4.620479564156195984e+00,1.126396285206995973e+00,3.918878219504864924e-01,3.263509979107527936e+00,3.212711545752741649e-01,1.146807218472126522e+00,4.461968904053875140e-01
7.082136626236992250e+00,1.214329385285499896e+01,4.661596801568386184e+00,1.165334566923684090e+00,3.889376486911474418e-01,3.273314826449162496e+00,3.282376049383530781e-01,1.106054715345607953e+00,4.667819431640042316e-01
7.181885029423428435e+00,1.205089418632787179e+01,4.699158154303539447e+00,1.204007890851364060e+00,3.865775719812033495e-01,3.283302043213294219e+00,3.279547331251644326e-01,1.068789866115020581e+00,4.895061921888696488e-01
7.281633432609864620e+00,1.195711514472997017e+01,4.733129005237681319e+00,1.242474398872674080e+00,3.847859315696918747e-01,3.293250404822252619e+00,3.211896284238217048e-01,1.034977917166777006e+00,5.048214044908720943e-01
7.381381835796301694e+00,1.186210129260916979e+01,4.763475919813546788e+00,1.280790502148001053e+00,3.835629068604982095e-01,3.302964506919893406e+00,3.083719406583375067e-01,1.004786084487952591e+00,5.161482242878466797e-01
7.481130238982737879e+00,1.176599614490580237e+01,4.790165833086874159e+00,1.319012569371276644e+00,3.828983758174294150e-01,3.312264142744191897e+00,-2.401290584724816990e-01,9.781332792805943477e-01,5.287479056187046611e-01
7.580878642169174064e+00,1.166894176278888118e+01,4.813166146282797264e+00,1.357196152276819223e+00,3.827910333611128091e-01,3.305024776159224409e+00,-3.937985950038333516e-01,9.553016358113528561e-01,5.467004800392046837e-01
7.680627045355611138e+00,1.157108006351466223e+01,4.832444321856469216e+00,1.395396812273953291e+00,3.832415185639588828e-01,3.293118158974703835e+00,-4.218633265530725152e-01,9.428343113519491725e-01,5.649164035323042121e-01
7.780375448542047323e+00,1.147255303720151254e+01,4.847967828867942863e+00,1.433670180614543987e+00,3.842474921147240319e-01,3.280315049289590501e+00,-4.457582311782737894e-01,9.402527119877407413e-01,5.804842407556610739e-01
7.880123851728483508e+00,1.137350346779211385e+01,4.859704032699599274e+00,1.472072021280098841e+00,3.858209101893746440e-01,3.266732232531659896e+00,-4.651484384481107126e-01,9.456829235550365809e-01,5.922097063096281033e-01
7.979872254914920582e+00,1.127407578990591119e+01,4.867620081219926398e+00,1.510659028148633176e+00,3.879576375230242014e-01,3.252498093942801205e+00,-4.799251606478594501e-01,9.497669448816038473e-01,6.000722226690780037e-01
8.079620658101356767e+00,1.117441622106718135e+01,4.871682997483659072e+00,1.549488153044797478e+00,3.906818005948689554e-01,3.237746178169981004e+00,-4.895862687490185605e-01,9.455936117191089396e-01,6.040547301159588933e-01
8.179369061287793841e+00,1.107467428527383468e+01,4.871859603900710489e+00,1.588618175452811698e+00,3.939870376144485875e-01,3.222627719299093751e+00,-4.915233326484840792e-01,9.453307853503055691e-01,6.040869480621640086e-01
8.279117464474229138e+00,1.097500235260593193e+01,4.868116732079468711e+00,1.628108288538513193e+00,3.979112202888763772e-01,3.207377757931509255e+00,-4.823550456191850744e-01,9.492384902941993774e-01,5.873052231110058585e-01
8.378865867660666211e+00,1.087555786081864895e+01,4.860421289544110124e+00,1.668020496787754325e+00,4.024452968551973653e-01,3.192341427688286437e+00,-4.651642361219354149e-01,9.593517980071762929e-01,5.614854853870130391e-01
8.478614270847103285e+00,1.077650225762579872e+01,4.848740504214733349e+00,1.708417464593098956e+00,4.076437536916078241e-01,3.177773593475419656e+00,-4.394776911653130447e-01,9.773633844263533987e-01,5.358611769643288891e-01
8.578362674033538582e+00,1.067800395739287822e+01,4.833042249310417482e+00,1.749365757579315783e+00,4.134928477578928008e-01,3.163948579786036941e+00,-4.036383279761450171e-01,1.001945602580586847e+00,5.169868430761237477e-01
8.678111077219975655e+00,1.058023667626967601e+01,4.813295256188738769e+00,1.790932730518917992e+00,4.200659885060460952e-01,3.151197559368366985e+00,-3.568229703714315137e-01,1.035291594931238235e+00,4.967124951865559690e-01
8.777859480406412729e+00,1.048338316522090530e+01,4.789469843382400782e+00,1.833191055747402487e+00,4.273476173544957790e-01,3.139882325046524425e+00,-2.965706893599847627e-01,1.073962992719749820e+00,4.782217211482882591e-01
8.877607883592848026e+00,1.038763293489765616e+01,4.761537980786356705e+00,1.876215102168043103e+00,4.354402340948728689e-01,3.130446631033414029e+00,-2.216689176000608830e-01,1.105177286126317382e+00,4.637335622068032293e-01
8.977356286779285099e+00,1.029318682355381576e+01,4.729474561670717669e+00,1.920085791177831958e+00,4.443084734614863862e-01,3.123375396684668015e+00,-1.286831152956687818e-01,1.136131894521647423e+00,4.557189536025972321e-01
9.077104689965722173e+00,1.020025405097695703e+01,4.693257399290169829e+00,1.964884109328020045e+00,4.540727145895853134e-01,3.119263053684236731e+00,-4.667249073497137246e-02,1.170418581093995325e+00,4.242295071711441601e-01
9.176853093152159246e+00,1.010905752817932601e+01,4.652869608455052486e+00,2.010668266131847126e+00,4.620975194852139922e-01,3.117770194422997410e+00,-3.754883500026254955e-02,1.207814020549472733e+00,4.006353994423451081e-01
9.276601496338594544e+00,1.001981466546403077e+01,4.608327721718866954e+00,2.056812914564607908e+00,4.632966074177046201e-01,3.116568643968369301e+00,-3.754883500025297388e-02,1.247952656094717172e+00,3.867162808960084575e-01
9.376349899525031617e+00,9.932728187185306368e+00,4.559712885735392796e+00,2.102993924904890122e+00,4.548532914597347432e-01,3.115366630093682421e+00,5.738809783703664041e-02,1.292664383581998422e+00,3.847118539699010409e-01
9.476098302711468691e+00,9.847919346239782712e+00,4.507221148227141150e+00,2.146411718639996913e+00,4.158268495911854878e-01,3.117203551605761014e+00,4.729113919544999378e-01,1.322960672544081451e+00,3.972940952598406628e-01
9.575846705897903988e+00,9.765356034157134602e+00,4.451254432304727615e+00,2.185948452019195187e+00,3.750139996214345017e-01,3.132299841096928272e+00,8.738759063402431471e-01,1.251855549130538980e+00,4.122853638217983674e-01
9.675595109084341061e+00,9.684941552209568982e+00,4.392246230002938567e+00,2.220947639963519293e+00,3.267871297626473992e-01,3.160005972623615378e+00,1.335643973254603711e+00,1.184483548896783756e+00,4.249041699293367724e-01
9.775343512270778135e+00,9.606489821381442695e+00,4.330645663323650751e+00,2.251157304076329524e+00,2.789921685721301614e-01,3.201889200789495238e+00,1.782307045085589348e+00,1.123609555082432987e+00,4.486689815362394640e-01
9.875091915457213432e+00,9.529783687619197252e+00,4.266886966988651331e+00,2.276606893436987633e+00,2.313014220355149586e-01,3.256940131105089176e+00,2.232807435162773579e+00,1.065560525682406334e+00,4.830974979578652184e-01
9.974840318643650505e+00,9.454566595951405361e+00,4.201373432533609176e+00,2.297307522638803778e+00,1.837791221632052996e-01,3.324619823402882979e+00,2.700238954131056968e+00,1.005868869586400871e+00,5.282241555386562037e-01
1.007458872183008758e+01,9.380563922962663170e+00,4.134492948263768675e+00,2.313270005106549565e+00,1.362788534520915085e-01,3.404671205558062574e+00,3.199948861611626949e+00,9.414561776161030071e-01,5.661723023315219372e-01
1.017433712501652288e+01,9.307475722247733785e+00,4.066611276413365061e+00,2.324496297793818389e+00,8.881862118631275727e-02,3.497165365893385225e+00,3.745757507122767560e+00,8.818302229763306244e-01,6.061727600676857231e-01
1.027408552820295995e+01,9.234992386806812448e+00,3.998085335986548472e+00,2.330988839719119188e+00,4.135948963517478011e-02,3.602420333126386431e+00,-2.944791385669963901e+00,8.270990028901308300e-01,6.532093803585644620e-01
1.037383393138939702e+01,9.162791643119369667e+00,3.929260245543480856e+00,2.332747513894430913e+00,-6.094758259355026637e-03,3.519936899952457399e+00,-4.359182284738770896e+00,7.738845637432194557e-01,7.043497609567465068e-01
1.047358233457583232e+01,9.090549455535143153e+00,3.860479419508430432e+00,2.329773210576190579e+00,-5.354177408777755637e-02,3.394158634395914476e+00,-3.834847929648537601e+00,7.279491931544725958e-01,7.632014152344600566e-01
1.057333073776226939e+01,9.017940994914955155e+00,3.792085421989512817e+00,2.322066341902029762e+00,-1.009790407051249228e-01,3.279523276415922339e+00,-3.376253841106470421e+00,6.804032897711093097e-01,8.236827302225021574e-01
1.067307914094870647e+01,8.944647471376002912e+00,3.724426393713694328e+00,2.309627450375707269e+00,-1.484318359478579152e-01,3.175172603457792508e+00,-2.971478487364141330e+00,6.311571966024596136e-01,8.908909583415319799e-01
1.077282754413514176e+01,8.870361074590274342e+00,3.657860627961698974e+00,2.292454934104704467e+00,-1.958793590927890016e-01,3.080409160049051298e+00,-2.608758945152633846e+00,5.878695628282085694e-01,9.620085014092696341e-01
1.087257594732157884e+01,8.794788190724663224e+00,3.592758995638418273e+00,2.270545235619907842e+00,-2.434437235734718263e-01,2.994742311979360139e+00,-2.279538481320542598e+00,5.476160244157041168e-01,1.034744130215387692e+00
1.097232435050801591e+01,8.717658460281358046e+00,3.529512868645787282e+00,2.243887302190726629e+00,-2.910638914399329424e-01,2.917828108050911862e+00,-1.972532658585416820e+00,5.100036457463935635e-01,1.109586287811212379e+00
1.107207275369445121e+01,8.638724791622177435e+00,3.468532527690444844e+00,2.212465186301486142e+00,-3.390274246464494712e-01,2.849597673756417482e+00,-1.680693485487052774e+00,4.519984443658293105e-01,1.185513928638453951e+00
1.117182115688088828e+01,8.557776791484963397e+00,3.410257758356115776e+00,2.176245994778106763e+00,-3.872183498358583997e-01,2.790145859884680668e+00,-1.390586457679873211e+00,4.036153035767438002e-01,1.263036195828716179e+00
1.127156956006732536e+01,8.474638077459157870e+00,3.355152683921206691e+00,2.135186601965953557e+00,-4.361763873931459590e-01,2.739981087916323776e+00,-1.094742795579633388e+00,3.665909535051633528e-01,1.341286042233502895e+00
1.137131796325376065e+01,8.389184513528071818e+00,3.303718212268833998e+00,2.089214048658229572e+00,-4.856693862148599994e-01,2.699833081992528694e+00,-7.741088958092944283e-01,3.429570358048341094e-01,1.421494757146565924e+00
1.147106636644019773e+01,8.301339345213150978e+00,3.256483293113384914e+00,2.038244053469601802e+00,-5.365528049273826650e-01,2.671079635301517818e+00,-4.608009227970965016e-01,3.308110784791708503e-01,1.479211489623365905e+00
1.157081476962663480e+01,8.211097257160826501e+00,3.214017202088001124e+00,1.982218404614943807e+00,-5.835489764607766361e-01,2.653815763320957366e+00,-1.837448861790534071e-01,3.278566517024474325e-01,1.391530297361761370e+00
1.167056317281307187e+01,8.118537068025506898e+00,3.176866346935905749e+00,1.922104912136209265e+00,-6.221745285533742953e-01,2.646900373582414812e+00,-2.706346849490666451e-02,3.305452419514758322e-01,1.307347701273753993e+00
1.177031157599950717e+01,8.023864511473899341e+00,3.145530338862468245e+00,1.858349721765744533e+00,-6.427944692819090866e-01,2.645880290590755468e+00,-2.706346849490618572e-02,3.382889551218756785e-01,1.228483571506427063e+00
1.187005997918594424e+01,7.927378664110720230e+00,3.120292591488801559e+00,1.795250072155715415e+00,-6.228338439773966062e-01,2.644859814168326384e+00,1.319582117280867772e-01,3.534754287618803725e-01,1.153761113333862331e+00
1.196980838237238132e+01,7.829508178697306420e+00,3.101094984194621151e+00,1.734079054438925738e+00,-6.006119090346919709e-01,2.649831820779753322e+00,2.870091979565767004e-01,3.760734017492490255e-01,1.084398095506698301e+00
1.206955678555881661e+01,7.730666958969239388e+00,3.087785373504781550e+00,1.675732792671105642e+00,-5.695608394765971916e-01,2.660613857140663452e+00,4.928066016778327452e-01,3.895825715455524807e-01,1.022465909784450844e+00
1.216930518874525369e+01,7.631225392043837097e+00,3.080111179883051165e+00,1.620381851289404374e+00,-5.405519425112319531e-01,2.679025837875236959e+00,6.615450149424538795e-01,3.977119783557586108e-01,9.550922948159072945e-01
1.226905359193169076e+01,7.531515762731871177e+00,3.077808272092444675e+00,1.567855743611894503e+00,-5.128430253622549007e-01,2.703544998285774881e+00,8.068001939546665113e-01,4.149393604108096434e-01,8.934824140562240835e-01
1.236880199511812606e+01,7.431815736328728050e+00,3.080608256383677190e+00,1.518018482144698478e+00,-4.866488970261343971e-01,2.733150127569102139e+00,9.318766857058073949e-01,4.336559625923075978e-01,8.372554058582718506e-01
1.246855039830456313e+01,7.332369843036624424e+00,3.088243345861691580e+00,1.470741437079446268e+00,-4.614397870490570819e-01,2.766950675845640362e+00,1.045080441248890324e+00,4.541208049296205362e-01,7.921895369066441761e-01
1.256829880149100021e+01,7.233378244381267308e+00,3.100447294197044457e+00,1.425924153097065439e+00,-4.373328550610626198e-01,2.804372702226748171e+00,1.148033829672035377e+00,4.782011661519122714e-01,7.528232314736602593e-01
1.266804720467743550e+01,7.135013655585707326e+00,3.116956981238677926e+00,1.383474118416645471e+00,-4.139272236264378568e-01,2.844913941690001558e+00,1.246339955375456165e+00,5.001774429115189990e-01,7.253522519081664344e-01
1.276779560786387258e+01,7.037412549725600819e+00,3.137513892901320656e+00,1.343318890990143899e+00,-3.913235021724568163e-01,2.888282565188948769e+00,1.340539877796435242e+00,5.230972322650599970e-01,7.006129018553498566e-01
1.286754401105030965e+01,6.940688486647927036e+00,3.161864156301861684e+00,1.305391625200273076e+00,-3.692191055910686304e-01,2.934213625626179045e+00,1.434680736853184646e+00,5.505215474469796755e-01,6.526111366161687632e-01
1.296729241423674495e+01,6.844925165770153974e+00,3.189760310899581341e+00,1.269640671319635317e+00,-3.476887918585118142e-01,2.982586767552155127e+00,1.528967744562532260e+00,5.792790715625083520e-01,6.075732096591914821e-01
1.306704081742318202e+01,6.750187081842171644e+00,3.220960350289953755e+00,1.236018807762152782e+00,-3.265029427260237038e-01,3.033289964389256355e+00,1.626537781425584361e+00,6.047879914677198876e-01,5.652175907881109573e-01
1.316678922060961909e+01,6.656514018720087300e+00,3.255229556276795666e+00,1.204490174341696029e+00,-3.057192207886215707e-01,3.086314485094446614e+00,1.727533709684235586e+00,6.309188545200659082e-01,5.259224892960827624e-01
1.326653762379605439e+01,6.563929662548328992e+00,3.292338994027213417e+00,1.175022262601118417e+00,-2.851646874464993098e-01,3.141651565480692021e+00,1.834546316704825264e+00,6.659934354054376504e-01,4.984316228211332356e-01
1.336628602698249146e+01,6.472437227159366202e+00,3.332067287522095800e+00,1.147591046675074722e+00,-2.648826735989639469e-01,3.199368795592814063e+00,1.947842115172729649e+00,7.039680864357075185e-01,4.768074636587606996e-01
1.346603443016892854e+01,6.382026498964062711e+00,3.374198811380175744e+00,1.122175012880929579e+00,-2.447450939511732482e-01,3.259532017254709757e+00,2.069698118111391594e+00,7.402347321252732426e-01,4.560288549547874548e-01
1.356578283335536383e+01,6.292670370769029908e+00,3.418525327060396801e+00,1.098758867925749172e+00,-2.247837434620713615e-01,3.322265362102750696e+00,2.200621423568258184e+00,7.738749980376680160e-01,4.302881239614689823e-01
1.366553123654180091e+01,6.204330661385510481e+00,3.464844029092888800e+00,1.077329145225631279e+00,-2.049065812595194380e-01,3.387693032472882670e+00,2.342741663544947617e+00,8.048943012955810383e-01,4.149450041750676887e-01
1.376527963972823798e+01,6.116955398615898432e+00,3.512958988334864419e+00,1.057876793301269824e+00,-1.851361065682553542e-01,3.455985179699011312e+00,2.496899532164045699e+00,8.349542275169480332e-01,4.054839262277942225e-01
1.386502804291467328e+01,6.030483650595307665e+00,3.562679164830384604e+00,1.040394020407521491e+00,-1.654092274121965189e-01,3.527315841372848926e+00,2.665218693311984133e+00,8.722042574889691258e-01,3.961232428013035656e-01
1.396477644610111035e+01,5.944843496019198703e+00,3.613819705992704634e+00,1.024868116990361511e+00,-1.461576635541513292e-01,3.601896675697524142e+00,2.842957351275588795e+00,9.128129916096442420e-01,3.887174716934193031e-01
1.406452484928754743e+01,5.859958355362355320e+00,3.666203607504676221e+00,1.011214666899122872e+00,-1.276037383363610445e-01,3.679785397904970168e+00,3.027809755915463530e+00,9.561262198916009591e-01,3.831316195532976088e-01
1.416427325247398450e+01,5.775746592592915007e+00,3.719664407546489304e+00,9.993745078014266703e-01,-1.109499489218551127e-01,3.760965162194992661e+00,3.201572363752815953e+00,9.919244463664108613e-01,3.800623324847139384e-01
1.426402165566041980e+01,5.692132818994244836e+00,3.774055347166811014e+00,9.889890355598680571e-01,-9.728492402735415545e-02,3.844939845197156814e+00,3.344829500618871077e+00,1.029791360468230721e+00,3.879468453268486439e-01
1.436377005884685687e+01,5.609050708938564611e+00,3.829255514471487931e+00,9.799437522287406388e-01,-8.477378240975845525e-02,3.930756316082183233e+00,3.484906736605571265e+00,1.069876668985333401e+00,3.909657324653462718e-01
1.446351846203329394e+01,5.526439000029653492e+00,3.885157119092520261e+00,9.720229082756222105e-01,-7.404339121957222158e-02,4.018217637321316538e+00,3.609237537869478096e+00,1.114703042591338011e+00,3.907881514604216733e-01
1.456326686521972924e+01,5.444242313290299506e+00,3.941667472015928375e+00,9.651685693407729971e-01,-6.349832761051052432e-02,4.106836293684732020e+00,3.744832438402943886e+00,1.160448610292504235e+00,3.892280755211982024e-01
1.466301526840616631e+01,5.362405316059736471e+00,3.998697431557670434e+00,9.593469424776674970e-01,-5.322817725893879554e-02,4.196806697358013594e+00,3.890223908683846599e+00,1.204480959398063433e+00,3.926496893787144726e-01
1.476276367159260339e+01,5.280872174712537337e+00,4.056161160693828371e+00,9.545496318990185358e-01,-4.296024154863564010e-02,4.288271644945886862e+00,4.051123874694185112e+00,1.241083439054269544e+00,3.922795407403019685e-01
1.486251207477903868e+01,5.199586047026834024e+00,4.113973732742470801e+00,9.507765160365311274e-01,-3.269249007578614585e-02,4.381490611204054808e+00,4.228438306461887564e+00,1.282870252364382457e+00,3.980233999321747262e-01
1.496226047796547576e+01,5.118488813948260052e+00,4.172051120601066643e+00,9.480275603935961470e-01,-2.242530451662801821e-02,4.476719771680281568e+00,4.423162572900059430e+00,1.327758448936929847e+00,3.993054201731496833e-01
1.506200888115191283e+01,5.037521718541682958e+00,4.230309752203784690e+00,9.463027463276136864e-01,-1.215799337900372659e-02,4.574213235247646558e+00,4.636461436615829435e+00,1.374181969636188327e+00,4.062009057333608175e-01
1.516175728433834813e+01,4.956625295502487205e+00,4.288666561771058205e+00,9.456020774410514029e-01,-1.890717538745486682e-03,4.674225708177833560e+00,4.869638762086076156e+00,1.408725342239447009e+00,4.098299663436065221e-01
1.526150568752478520e+01,4.875739904642430567e+00,4.347038609060740022e+00,9.459255555094001622e-01,8.376598625317591834e-03,4.777014062384189685e+00,4.699390182417322315e+00,1.438241643521843471e+00,4.211603597322958747e-01
1.536125409071122228e+01,4.794805753821314909e+00,4.405343063074064425e+00,9.472731804217873197e-01,1.864386636808559525e-02,4.874153945610314231e+00,-4.059026592937090783e+00,1.472497309764838391e+00,4.427994532270642658e-01
1.546100249389765757e+01,4.713763343187418187e+00,4.463496882556452938e+00,9.496449548522858386e-01,2.891130096512934539e-02,4.790366775439547808e+00,-4.122381873374159511e+00,1.493187800046103186e+00,4.624090006273207654e-01
1.556075089708409465e+01,4.632553570418916244e+00,4.521416740474139218e+00,9.530408863862418478e-01,3.917862819273153219e-02,4.703744447230048920e+00,-3.909787868103858255e+00,1.443441805587039495e+00,4.748157000999943533e-01
1.566049930027053172e+01,4.551118100878450257e+00,4.579018763391601077e+00,9.574610083651688974e-01,4.944695773999921440e-02,4.620088920309369129e+00,-3.712526072238855779e+00,1.393121563551614539e+00,4.851660122979813972e-01
1.576024770345696702e+01,4.469399544916154987e+00,4.636218405994098291e+00,9.629053979166530830e-01,5.971559507857897992e-02,4.539227306114744565e+00,-3.529397406538249182e+00,1.342246514942606606e+00,4.912131424713866990e-01
1.585999610664340409e+01,4.387341768440395917e+00,4.692930245878872419e+00,9.693742019932081178e-01,6.998730696259194972e-02,4.460995519562044542e+00,-3.359411020585760355e+00,1.290905010081110582e+00,4.915574960208404232e-01
1.595974450982984116e+01,4.304890132726745477e+00,4.749067817930044733e+00,9.768676803377989160e-01,8.026073017661643216e-02,4.385235370610332417e+00,-3.201535865288737348e+00,1.239442847885894095e+00,4.859066593775628329e-01
1.605949291301627824e+01,4.221991759605371541e+00,4.804543460536175203e+00,9.853862286721493113e-01,9.054105835499193233e-02,4.311796965887728206e+00,-3.054997635056165617e+00,1.188091289789622307e+00,4.900224612204482910e-01
1.615924131620271353e+01,4.138595824762878905e+00,4.859268119912313111e+00,9.949304536217220551e-01,1.008260071737585445e-01,4.240534259190490651e+00,-2.918889884319013195e+00,1.136997181511196997e+00,4.980111283041259163e-01
1.625898971938914883e+01,4.054653791811333896e+00,4.913151243331209450e+00,1.005501187732318336e+00,1.111239799560876235e-01,4.171309338000781963e+00,-2.792628141155988342e+00,1.086176315728317077e+00,4.917244956479276952e-01
1.635873812257558768e+01,3.970119750469981668e+00,4.966100563501135490e+00,1.017099600592901165e+00,1.214315097031030133e-01,4.103986013346643702e+00,-2.675396406312598785e+00,1.035939490362802085e+00,4.943554018977259212e-01
1.645848652576202298e+01,3.884950634259640267e+00,5.018022034251848673e+00,1.029727203345647712e+00,1.317610154054118243e-01,4.038436350730819413e+00,-2.566779673116745375e+00,9.863430288879379004e-01,5.028667926865354465e-01
1.655823492894845828e+01,3.799106595205265169e+00,5.068819604860183681e+00,1.043385997708228707e+00,1.421075732206320275e-01,3.974531898406964192e+00,-2.466025520726910614e+00,9.375840078560685464e-01,5.024037687955048570e-01
1.665798333213489713e+01,3.712551220861981527e+00,5.118395193784943231e+00,1.058078470775546176e+00,1.524884643500103998e-01,3.912152808318641650e+00,-2.372873365018589364e+00,8.898140609792566380e-01,4.984018171696007471e-01
1.675773173532133242e+01,3.625251937273183511e+00,5.166648462420122989e+00,1.073807781120482474e+00,1.628970141838627650e-01,3.851176305674278044e+00,-2.286613299731104831e+00,8.429008667137317667e-01,5.006152193375359438e-01
1.685748013850776772e+01,3.537180242577142586e+00,5.213476823022181961e+00,1.090577748039905259e+00,1.733562796314825349e-01,3.791488742787045840e+00,-2.207128865056630751e+00,7.971538933049661102e-01,5.112708082584282998e-01
1.695722854169420657e+01,3.448312129863775777e+00,5.258775220803903139e+00,1.108393071510405115e+00,1.838575117540756088e-01,3.732970898205436150e+00,-2.133736329621844785e+00,7.527548106873532818e-01,5.238760696389522797e-01
1.705697694488064187e+01,3.358628356868648801e+00,5.302436173255930640e+00,1.127259323729728369e+00,1.944305618340844977e-01,3.675513317000412172e+00,-2.066457657107929169e+00,7.098237180027916482e-01,5.265578225867549866e-01
1.715672534806707716e+01,3.268114880056760096e+00,5.344349568807460926e+00,1.147183197252555242e+00,2.050642376187319371e-01,3.618997988442322455e+00,-2.004622978377223141e+00,6.684676641132453190e-01,5.346092884395573508e-01
1.725647375125351601e+01,3.176763183021840575e+00,5.384402736522934774e+00,1.168172510794233787e+00,2.157963613333455377e-01,3.563317352998696119e+00,-1.948391760538943807e+00,6.288176925146397034e-01,5.413315794902969769e-01
1.735622215443995131e+01,3.084570712530785741e+00,5.422480268773138157e+00,1.190236477673387139e+00,2.266128674731685000e-01,3.508351838740079831e+00,-1.897099384386382814e+00,5.912267083650323274e-01,5.381193006393080180e-01
1.745597055762638661e+01,2.991541292532071683e+00,5.458464122942851660e+00,1.213385743182480159e+00,2.375609584825582044e-01,3.453992958277980918e+00,-1.851047751987039636e+00,5.557441858584859506e-01,5.408937590189758504e-01
1.755571896081282546e+01,2.897685551932700498e+00,5.492233474688181794e+00,1.237632661575873261e+00,2.486231549043121658e-01,3.400116062852673871e+00,-1.809572869444557419e+00,5.223124227791282603e-01,5.475995570987769456e-01
1.765546736399926075e+01,2.803021456472240214e+00,5.523664857642168080e+00,1.262991387154431155e+00,2.598577745085104418e-01,3.346608018952262675e+00,-1.773130057350778666e+00,4.912996524226451722e-01,5.444335901067269834e-01
1.775521576718569605e+01,2.707574716569938644e+00,5.552632052838286647e+00,1.289478149881824631e+00,2.712433259378585482e-01,3.293334396746003367e+00,-1.741055924073971140e+00,4.678219256544312032e-01,5.348406564056297219e-01
1.785496417037213490e+01,2.611379477582321584e+00,5.579006277388577573e+00,1.317111436347481845e+00,2.828514670840872602e-01,3.240172271997435960e+00,-1.713983568245175837e+00,4.548803586991091441e-01,5.273457870990100327e-01
1.795471257355857020e+01,2.514478693883269056e+00,5.602656114569310120e+00,1.345912228658303622e+00,2.946556042738097125e-01,3.186970678274360314e+00,-1.691257999212226526e+00,4.561709473882824550e-01,5.215466776030155405e-01
1.805446097674500905e+01,2.416925024154271018e+00,5.623447775183608499e+00,1.375904299805447817e+00,3.067435427697366990e-01,3.133589241522429347e+00,-1.673713224830752466e+00,4.433869805753296034e-01,5.215189845932585166e-01
1.815420937993144435e+01,2.318781155116421022e+00,5.641245071003255340e+00,1.407114461541008055e+00,3.190834945023869329e-01,3.079850822921029074e+00,-1.660718513467579704e+00,4.257829601258978358e-01,5.142332756205838518e-01
1.825395778311787964e+01,2.220120974169675243e+00,5.655909770887640242e+00,1.439573106510013911e+00,3.317834361885440564e-01,3.025586397993991650e+00,-1.647695522342445873e+00,4.113581364820839137e-01,5.098395274337050864e-01
1.835370618630431849e+01,2.121029806885031288e+00,5.667301396894871779e+00,1.473327568387688302e+00,3.453393888497675035e-01,2.970768092117600734e+00,-1.634173106752614624e+00,4.002026918627524799e-01,5.081490146720730738e-01
1.845345458949075379e+01,2.021605597588999270e+00,5.675272868645878432e+00,1.508496480274502893e+00,3.598839510219094540e-01,2.915381748808630658e+00,-1.605468593520500420e+00,3.923465649200245098e-01,5.085792688862479372e-01
1.855320299267718909e+01,1.921959182555362355e+00,5.679669639870628117e+00,1.545190422287610943e+00,3.769988336760202174e-01,2.859923929783305674e+00,-1.561235649026958106e+00,3.880804384345289404e-01,5.130172033641610119e-01
1.865295139586362794e+01,1.822219083440705267e+00,5.680315548507021362e+00,1.583780603319418390e+00,3.968453660860800647e-01,2.804942665754653230e+00,-1.517813339303174525e+00,3.876006359132483370e-01,5.138068724708004797e-01
1.875269979905006323e+01,1.722531881790070107e+00,5.677013201569969247e+00,1.624389411232943559e+00,4.177565240188405582e-01,2.750437136949269501e+00,-1.473188961435015543e+00,3.911356308748965560e-01,5.106232957994285560e-01
1.885244820223649853e+01,1.623069909023308055e+00,5.669560009290199432e+00,1.667164177419500959e+00,4.400253180086654003e-01,2.696480660290305753e+00,-1.433567364489838347e+00,3.992690141331457498e-01,5.033057466695828319e-01
1.895219660542293738e+01,1.524031236871752792e+00,5.657749367486910153e+00,1.712194635577738211e+00,4.630042449790503500e-01,2.642918054042451281e+00,-1.396142139402111182e+00,4.250612345905065426e-01,4.916423062240183328e-01
1.905194500860937268e+01,1.425644906666564626e+00,5.641378143619717456e+00,1.759572179759903321e+00,4.871110901383627900e-01,2.589689159403156804e+00,-1.363008652870155490e+00,4.579318916840195985e-01,4.751406036169630864e-01
1.915169341179580798e+01,1.328170399615674402e+00,5.620247076394288221e+00,1.809401119537084490e+00,5.121830390248134357e-01,2.536646224648609671e+00,-1.330774452306549449e+00,4.941049315654491569e-01,4.544319380998431690e-01
1.925144181498224683e+01,1.231904177020378910e+00,5.594164921810454771e+00,1.861805202633216361e+00,5.387775880371075132e-01,2.483765048426737287e+00,-1.302088969950482955e+00,5.245560631054994039e-01,4.323613995475245053e-01
1.935119021816868212e+01,1.137178672305798388e+00,5.562948585338522989e+00,1.916925208824872939e+00,5.666771168959077176e-01,2.430910575209999536e+00,-1.272689859261870060e+00,5.546535544029778109e-01,4.201148386672066692e-01
1.945093862135511742e+01,1.044370772515508916e+00,5.526429630322537534e+00,1.974928859061716224e+00,5.966401445312334850e-01,2.378114518319487836e+00,-1.245908988390699745e+00,5.894755434800581506e-01,4.117434516760661856e-01
1.955068702454155627e+01,9.539001712937943411e-01,5.484454236188414100e+00,2.036006426697571925e+00,6.283656509690822567e-01,2.325268543206724381e+00,-1.216136480899359107e+00,6.291382792636901478e-01,4.119059681588617128e-01
1.965043542772799157e+01,8.662402912853908177e-01,5.436893553099413801e+00,2.100386212573011058e+00,6.629112275704135415e-01,2.272500484922667319e+00,-1.187461213699523732e+00,6.737406888251696868e-01,3.985538725461693632e-01
1.975018383091442686e+01,7.819157690353152335e-01,5.383643284246106830e+00,2.168327265645011437e+00,6.998526234104210930e-01,2.219766594520480307e+00,-1.152018412807266357e+00,7.227358971213041494e-01,3.935516904069105149e-01
1.984993223410086571e+01,7.015164108544428290e-01,5.324640378473777247e+00,2.240144428607761640e+00,7.407126994685775401e-01,2.167380847915577835e+00,-1.114671495714050220e+00,7.764124804947127867e-01,3.871839445058366524e-01
1.994968063728730101e+01,6.256934724520735180e-01,5.259861879158079567e+00,2.316195101204795215e+00,7.848570556777976215e-01,2.115458894982699789e+00,-1.063439096654926974e+00,8.349931458195599676e-01,3.897528676883001975e-01
2.004942904047373631e+01,5.551767562202516437e-01,5.189352287500599736e+00,2.396920023241153608e+00,8.345591189283894096e-01,2.064706669918687787e+00,-1.002942970740061224e+00,8.985247765721370294e-01,4.009878481716539489e-01
2.014917744366017516e+01,4.907692761584841468e-01,5.113221048129619639e+00,2.482823133997171361e+00,8.888874599773439744e-01,2.015671032973870069e+00,-9.123577089078087621e-01,9.663485184312264886e-01,4.163484394647288256e-01
2.024892584684661045e+01,4.333674630533491667e-01,5.031688433090819146e+00,2.574545462102760585e+00,9.514195976285142464e-01,1.970004381714206110e+00,-7.935771020211810356e-01,9.746144731180053089e-01,4.090000000552390658e-01
2.034867425003304575e+01,3.839534075926086532e-01,4.945080475137186404e+00,2.672815796541652134e+00,1.020451103082950839e+00,1.929404355367041246e+00,-6.037387969547624023e-01,9.367154323606096122e-01,3.996839738650173057e-01
2.044842265321948460e+01,3.436117569338850708e-01,4.853907262490120722e+00,2.778572769059951320e+00,1.101886358972206770e+00,1.897934984300945427e+00,-4.034809989521750961e-01,9.084293977270792020e-01,3.899509717765629047e-01
2.054817105640591990e+01,3.135114334060440933e-01,4.758854414825120394e+00,2.892499090317236288e+00,1.178170265272130202e+00,1.876609718058162235e+00,-9.738502598667413135e-02,8.928636811630554782e-01,3.890938753996068811e-01
2.064791945959235520e+01,2.947825329637381309e-01,4.660940864744596013e+00,3.014111605405878969e+00,1.263346784484768337e+00,1.871426202722793697e+00,-1.352862557109833601e-02,8.900699706367669606e-01,3.912529508446078164e-01
2.074766786277879405e+01,2.884788652513213258e-01,4.561478272591816818e+00,-3.140403130051228509e+00,1.285884347724973509e+00,1.870704977980602424e+00,-1.352862557110104391e-02,8.946314666239094660e-01,3.930935032404552221e-01
2.084741626596522934e+01,2.949527069645591082e-01,4.461994396762208659e+00,-3.013057651603570086e+00,1.271439483768914913e+00,1.869983475072803270e+00,4.646163902126387163e-02,8.967695326659187449e-01,3.980398191622590010e-01
2.094716466915166464e+01,3.139181304778519976e-01,4.364163230983678865e+00,-2.888717613229583314e+00,1.182905448581399899e+00,1.872460185330771854e+00,3.782312581223438164e-01,9.093488484748952771e-01,4.080694649403161511e-01
2.104691307233810349e+01,3.442706164304278893e-01,4.269185263212538217e+00,-2.778330181359704110e+00,1.033102874998186316e+00,1.892501802829987145e+00,8.749063775120331510e-01,8.521974204044517887e-01,4.143200465812140743e-01
2.114666147552453879e+01,3.842411947932397043e-01,4.177830091532814372e+00,-2.682562158734814517e+00,8.786520397543782224e-01,1.938067104592526624e+00,1.318470050819489536e+00,7.787159843744875243e-01,4.072811871578701504e-01
2.124640987871097408e+01,4.320544691546424065e-01,4.090316079717648101e+00,-2.603346920903323980e+00,7.105919072118900282e-01,2.004777959361191630e+00,1.811168732810599868e+00,7.133891660645746979e-01,4.025557255044078242e-01
2.134615828189741293e+01,4.859569644290012702e-01,4.006402256722013000e+00,-2.540571404768347641e+00,5.480177659193251616e-01,2.092954142913444393e+00,2.315767792835817573e+00,6.558633876675900032e-01,4.028502957652454475e-01
2.144590668508384823e+01,5.443661920452018688e-01,3.925554216823711862e+00,-2.494045139244890130e+00,3.850780249370699959e-01,2.200555685119203631e+00,2.909369603563831230e+00,6.124680870486717277e-01,4.074906646596095916e-01
2.154565508827028353e+01,6.058438649591944003e-01,3.847002602143636985e+00,-2.463697014877540781e+00,2.232959054339261062e-01,2.328702485887739204e+00,3.633590173406397561e+00,5.750299050778086007e-01,4.216134126940495608e-01
2.164540349145672238e+01,6.690537878314029019e-01,3.769841603304613820e+00,-2.449511599053629141e+00,6.114413108958596799e-02,2.479464640409736464e+00,-1.126291506604105042e+00,5.413180080021215979e-01,4.327930075352146577e-01
2.174515189464315768e+01,7.327379445406250191e-01,3.693061858972472411e+00,-2.451496876031448835e+00,-1.009586521603168391e-01,2.433732389649645889e+00,-3.492191738638677823e+00,5.094404324028619646e-01,4.422577436163204756e-01
2.184490029782959297e+01,7.956394101775845495e-01,3.615652275170673224e+00,-2.469655383694861150e+00,-2.631292269432904951e-01,2.286126034436779975e+00,-2.816118245681611842e+00,4.885481858460249405e-01,4.519482110460175672e-01
2.194464870101603182e+01,8.564935311566653775e-01,3.536611902390954576e+00,-2.503969562513792546e+00,-4.248461520482030296e-01,2.159760553614165079e+00,-2.264055373350294165e+00,4.669545195781515945e-01,4.631849837240338830e-01
2.204439710420246712e+01,9.139318458586529470e-01,3.455079256108984254e+00,-2.554472711424256026e+00,-5.879587693235667212e-01,2.052533515563885747e+00,-1.795196729112172207e+00,4.371357597529172967e-01,4.773872806617616149e-01
2.214414550738890242e+01,9.664936912980143235e-01,3.370319661155078528e+00,-2.621252137295165596e+00,-7.517293549752942505e-01,1.963353717047476410e+00,-1.340867678472878355e+00,4.184244498146130753e-01,4.956535706707405065e-01
2.224389391057534127e+01,1.012542031980151691e+00,3.281878683774678951e+00,-2.704670067617268359e+00,-9.215113990897499940e-01,1.894006071431712179e+00,-8.855918205402708576e-01,4.031271229014660173e-01,5.189321619320269585e-01
2.234364231376177656e+01,1.050293769293649815e+00,3.189553949467175187e+00,-2.804965203711262678e+00,-1.089206769907646644e+00,1.846777262875105796e+00,-2.500158962198508195e-01,3.997214590479951646e-01,5.483185050062210353e-01
2.244339071694821186e+01,1.077774157064574689e+00,3.093731013333858915e+00,-2.922749613917100753e+00,-1.275528046011118910e+00,1.833223632248438095e+00,-2.116922814702129618e-02,3.979834399847803628e-01,5.846110761197680361e-01
2.254313912013465071e+01,1.092945306311087439e+00,2.995272593430319485e+00,-3.055502043618458785e+00,-1.338490956842267821e+00,1.832071421213006923e+00,-1.296561332519770120e-02,4.060525571501923392e-01,6.291638958356899902e-01
2.264288752332108601e+01,1.094877601101099440e+00,2.895602008472754729e+00,3.094216842089678732e+00,-1.341721940318560513e+00,1.831365363321695083e+00,-1.296561332519770120e-02,3.989697597307007570e-01,6.807661932121230608e-01
2.274263592650752130e+01,1.083487097426330426e+00,2.796548541608820937e+00,2.960094297171779409e+00,-1.338340002114565719e+00,1.830659033114403256e+00,3.493750092855119321e-03,3.928823939217848116e-01,6.341888590783086865e-01
2.284238432969396015e+01,1.059001421742057136e+00,2.699925327423439381e+00,2.826657041791599489e+00,-1.341674119760624562e+00,1.830849389630166080e+00,-9.963173514772211484e-03,3.879312672789814176e-01,5.819593429517661010e-01
2.294213273288039545e+01,1.021939332214645502e+00,2.607466493481659153e+00,2.696273545276770989e+00,-1.220954904710958910e+00,1.830306495156375668e+00,4.423542326781430556e-01,3.918554092718677939e-01,5.379600548793438408e-01
2.304188113606683430e+01,9.738776339249323177e-01,2.520089471340189569e+00,2.584411819957888046e+00,-1.025099026898313337e+00,1.854257296848641268e+00,1.070522269917412839e+00,3.985553734634034173e-01,4.985218689902795597e-01
2.314162953925326960e+01,9.171293307489193358e-01,2.438078508156316992e+00,2.491230336385859889e+00,-8.400759085318786346e-01,1.910977733233956366e+00,1.577194436224101715e+00,4.138266461340434632e-01,4.680887444786825946e-01
2.324137794243970490e+01,8.537203626770696330e-01,2.361108324738019348e+00,2.416920857973067882e+00,-6.506782812922308201e-01,1.991602658657534164e+00,2.116996094120588978e+00,4.285400541446255374e-01,4.435129193081767673e-01
2.334112634562614375e+01,7.854430677938901706e-01,2.288410482721614958e+00,2.361227533159306446e+00,-4.659990127581008501e-01,2.094949906287181918e+00,2.710607453923510768e+00,4.375951413852122718e-01,4.240822154360354701e-01
2.344087474881257904e+01,7.138537476978840113e-01,2.218955300995888003e+00,2.323977305087134404e+00,-2.810478272317960546e-01,2.220264092454073523e+00,3.441559007524759739e+00,4.440781054478752377e-01,4.116663269703724759e-01
2.354062315199901434e+01,6.403389515234282348e-01,2.151529093323431674e+00,2.305132039559418811e+00,-9.664294357437074046e-02,2.369842330448565182e+00,1.231971318187937481e+00,4.546557691660694789e-01,4.152511303353573213e-01
2.364037155518545319e+01,5.661833358646479741e-01,2.084819654395526189e+00,2.304705607893660080e+00,8.808485702917820404e-02,2.421141675885028377e+00,-3.452903517890657525e+00,4.795345449418237371e-01,4.209247627256865187e-01
2.374011995837188849e+01,4.926091591188676566e-01,2.017454574162028891e+00,2.322697585866705161e+00,2.726391724310531228e-01,2.274441423772994852e+00,-2.657145818260019166e+00,5.094304289624750348e-01,4.245172488321101723e-01
2.383986836155832378e+01,4.209078046218493463e-01,1.948126314541158033e+00,2.359116709923126276e+00,4.576193614787487096e-01,2.154760238487016810e+00,-1.987394703624342895e+00,5.453733950223184079e-01,4.242291141838635538e-01
2.393961676474476263e+01,3.524363007382095847e-01,1.875591655927835610e+00,2.413946528831102611e+00,6.419666159058955435e-01,2.060706866342032040e+00,-1.345786989737792094e+00,5.968487585463556622e-01,4.173579503024125170e-01
2.403936516793119793e+01,2.887702201034962890e-01,1.798845500081237114e+00,2.487348513441886233e+00,8.302175029810490159e-01,1.994500584727502357e+00,-8.171955260234401441e-01,6.582895293790055335e-01,4.120456334277785571e-01
2.413911357111763323e+01,2.316397703046698120e-01,1.717091593684375805e+00,2.578577133900040952e+00,9.902471142433683093e-01,1.953203697737251998e+00,-1.862634136500238569e-01,7.276578716303471195e-01,4.090010383048842679e-01
2.423886197430407208e+01,1.828824067080751792e-01,1.630134152399582703e+00,2.685225409100779448e+00,1.150260573865676594e+00,1.943668111763730222e+00,-1.459326551903848516e-02,8.074811324659517675e-01,4.091757147834682029e-01
2.433861037749050737e+01,1.443306099418272259e-01,1.538232662177830168e+00,2.804024526686229368e+00,1.192073689429751004e+00,1.942919045874424766e+00,-1.459326551903848516e-02,8.312043659345764723e-01,3.954978240179056748e-01
2.443835878067694267e+01,1.169447990539843885e-01,1.442363283014575170e+00,2.922612847625076782e+00,1.188859935954972524e+00,1.942169691081596872e+00,2.743376080428987316e-03,8.112638957354004754e-01,3.857041827161436509e-01
2.453810718386338152e+01,1.010642850771201334e-01,1.343956451585150313e+00,3.039580824192675834e+00,1.136097614471461625e+00,1.942310583743678931e+00,2.231844999293097764e-01,8.015367892210062406e-01,3.786821185305825344e-01
2.463785558704981682e+01,9.641559353011035227e-02,1.244357574162139768e+00,-3.134094752764965186e+00,1.062055191230917073e+00,1.953738723240785458e+00,4.808375723027548676e-01,8.013473084579614270e-01,3.760107183360151817e-01
2.473760399023625212e+01,1.023310950607869835e-01,1.144828658450463221e+00,-3.031536351762910364e+00,9.921771682982311047e-01,1.978135626985424445e+00,6.710844082411557832e-01,8.100404491559107800e-01,3.807273226957907930e-01
2.483735239342269097e+01,1.180581993144144276e-01,1.046362556679989231e+00,-2.936003080714797875e+00,9.248753296554529379e-01,2.011690770222839486e+00,8.256023119610622629e-01,8.258357540481839898e-01,3.835863871258901048e-01
2.493710079660912626e+01,1.427983026540999567e-01,9.497659413117661709e-01,-2.846689835266638546e+00,8.667306708739855869e-01,2.052219476462020964e+00,9.277997109039790580e-01,8.488080514624112283e-01,3.882630662954781875e-01
2.503684919979556156e+01,1.757932451032384602e-01,8.556604850959083075e-01,-2.762928788213503850e+00,8.137684228294015387e-01,2.096830431591707899e+00,1.007565453995825422e+00,8.782944779777553945e-01,3.942355913290800373e-01
2.513659760298200041e+01,2.163152790652372870e-01,7.645428240259521946e-01,-2.684120703315507228e+00,7.669642736489044044e-01,2.144225722523837696e+00,1.064143078551048838e+00,9.137737960659595426e-01,4.063193129763960076e-01
2.523634600616843571e+01,2.636881026737339373e-01,6.767850747327639471e-01,-2.609804267908051756e+00,7.238461220838761090e-01,2.193170557623734584e+00,1.112852305925593255e+00,9.542200616442102490e-01,4.219219884144516652e-01
2.533609440935487100e+01,3.172715810349682752e-01,5.926759971282954398e-01,-2.539560014608397864e+00,6.850168707872503759e-01,2.243213671459864056e+00,1.150535896020389748e+00,9.995133988586194507e-01,4.420350043654981409e-01
2.543584281254130985e+01,3.764770779910024401e-01,5.124192822685542659e-01,-2.473059758164128041e+00,6.488670787450790955e-01,2.293803786878439332e+00,1.186284923632435317e+00,1.049295057375866813e+00,4.625408046996581923e-01
2.553559121572774515e+01,4.407513965141113821e-01,4.361621837310069583e-01,-2.410002252767616593e+00,6.157835024606562735e-01,2.344823205789900111e+00,1.216857885047714527e+00,1.085403952940276140e+00,4.795525990127330052e-01
2.563533961891418045e+01,5.095891937979707409e-01,3.639928045600969719e-01,-2.350149538746913347e+00,5.846720997344471149e-01,2.396029033273071374e+00,1.248277216645158560e+00,1.029362903641587002e+00,4.868078095688241347e-01
2.573508802210061930e+01,5.825175693974465885e-01,2.959603783278839662e-01,-2.293281562709078791e+00,5.557929356167983226e-01,2.447444064013766685e+00,1.277743808785537727e+00,9.809592242926598038e-01,4.957035479450003779e-01
2.583483642528705460e+01,6.591067136096377954e-01,2.320724842642153396e-01,-2.239223510452685861e+00,5.283768273750364397e-01,2.498977442013361916e+00,1.309575812605659362e+00,9.384330254732322629e-01,5.111978620498313086e-01
2.593458482847348989e+01,7.389556709561599934e-01,1.723095987094890869e-01,-2.187812937317513473e+00,5.026034882232600642e-01,2.550714497549584792e+00,1.341502894721457118e+00,8.907766407991839497e-01,5.339275900896823801e-01
2.603433323165992874e+01,8.217017807145075015e-01,1.166225751167927344e-01,-2.138920668445956075e+00,4.779172115559317535e-01,2.602646728091719375e+00,1.376812330787057004e+00,8.393235749299271520e-01,5.650475476071368242e-01
2.613408163484636404e+01,9.070077413589455739e-01,6.494319023754606401e-02,-2.092426263183949864e+00,4.544456367596498292e-01,2.654889763100030997e+00,1.413715636130479236e+00,7.907876644203329919e-01,5.994308277380023808e-01
2.623383003803279934e+01,9.945701126368831080e-01,1.718204052151697803e-02,-2.048234259254236633e+00,4.317786088031461134e-01,2.707484332132092053e+00,1.454838570821517463e+00,7.454254139424607573e-01,6.269792993902995049e-01
2.633357844121923819e+01,1.084107645313364232e+00,-2.676377216429857986e-02,-2.006255500329265917e+00,4.100083900932702252e-01,2.760562815334535181e+00,1.498813140266286315e+00,7.032868943886642077e-01,6.565196272973000680e-01
2.643332684440567348e+01,1.175368982695947917e+00,-6.701229893723534281e-02,-1.966419880395395836e+00,3.888276213656339797e-01,2.814198907724994481e+00,1.547823551677742770e+00,6.641570000109299210e-01,6.828583499597020712e-01
2.653307524759210878e+01,1.268122163558254689e+00,-1.036911381588145609e-01,-1.928661905105549579e+00,3.683038935704968098e-01,2.868536446975874732e+00,1.600868784014323198e+00,6.281295727049435174e-01,6.976133530021685347e-01
2.663282365077854763e+01,1.362161591705169261e+00,-1.369386717054949243e-01,-1.892930743557279527e+00,3.482047834280426746e-01,2.923673982758998591e+00,1.659834178288512874e+00,5.881081042874292120e-01,7.138608789435202384e-01
2.673257205396498293e+01,1.457298611664660681e+00,-1.668999964423433513e-01,-1.859178965682013907e+00,3.285801233280854494e-01,2.979765288598912765e+00,1.724049375322045830e+00,5.392065449544084510e-01,7.277598754836549499e-01
2.683232045715141822e+01,1.553367775862313005e+00,-1.937277887269976961e-01,-1.827370457839700091e+00,3.092537728561692290e-01,3.036929949726343558e+00,1.795201108259428135e+00,4.968756651833857174e-01,7.349026844510108125e-01
2.693206886033785707e+01,1.650218404878563083e+00,-2.175793860174543015e-01,-1.797471616632995817e+00,2.902624625383110613e-01,3.095332035087618561e+00,1.872930041373980892e+00,4.670384495814574044e-01,7.425384922370836804e-01
2.703181726352429237e+01,1.747720158130135815e+00,-2.386173415073915838e-01,-1.769457528326249030e+00,2.714734491323458343e-01,3.155110769727994313e+00,1.958801977534166516e+00,4.441475320824517237e-01,7.585429469580289297e-01
2.713156566671072767e+01,1.845755510146786849e+00,-2.570073723917030706e-01,-1.743305119111259183e+00,2.529135973890063172e-01,3.216441932957675220e+00,2.052764592205556404e+00,4.257592366452587762e-01,7.748377980143076327e-01
2.723131406989716652e+01,1.944224615525449451e+00,-2.729186703685983484e-01,-1.718997894484554978e+00,2.344843376819179259e-01,3.279484515662307142e+00,2.156330190990655815e+00,4.127711628118028719e-01,7.907284784126281663e-01
2.733106247308360182e+01,2.043038653566297214e+00,-2.865225028655865036e-01,-1.696520686757439611e+00,2.162049912002566021e-01,3.344428153669454229e+00,2.269764334978792153e+00,4.095189129991951282e-01,8.043157036381328728e-01
2.743081087627003711e+01,2.142123968742408291e+00,-2.979923443548693762e-01,-1.675863185125870736e+00,1.980042692708348095e-01,3.411452829969100708e+00,2.394591900024793940e+00,4.200630359646172485e-01,8.158151418050236803e-01
2.753055927945647596e+01,2.241416255050785900e+00,-3.075029646439268460e-01,-1.657016008484389902e+00,1.798956879344041637e-01,3.480764836602078471e+00,2.531422107287611301e+00,4.258278139357683512e-01,8.253458956399174484e-01
2.763030768264291126e+01,2.340863946800401330e+00,-3.152304416105810025e-01,-1.639973218595644378e+00,1.618298177614924394e-01,3.552567307414604691e+00,2.681864616740775364e+00,4.181273199082675140e-01,8.330920953776421722e-01
2.773005608582934656e+01,2.440423230756346484e+00,-3.213516045633383333e-01,-1.624729498768514135e+00,1.438157267934944972e-01,3.627086695941419414e+00,2.846914390051531463e+00,4.120297393730084634e-01,8.392217891573089394e-01
2.782980448901578541e+01,2.540060661210039594e+00,-3.260439819941181594e-01,-1.611281824307315924e+00,1.258213013683003312e-01,3.704552365496742716e+00,3.028352183402148068e+00,4.073786722845170183e-01,8.439183018709524031e-01
2.792955289220222070e+01,2.639748998853630457e+00,-3.294854932102689316e-01,-1.599627556926534799e+00,1.078522648311468768e-01,3.785215293463312314e+00,3.227620249950041487e+00,4.039950953593205996e-01,8.473763641546950831e-01
2.802930129538865600e+01,2.739469014808800562e+00,-3.318543745605805895e-01,-1.589765436726553016e+00,8.988986457703584954e-02,3.869335181903732490e+00,3.446778357465859255e+00,4.016276549155711750e-01,8.497266757755328470e-01
2.812904969857509485e+01,2.839206172516582694e+00,-3.333290331667854711e-01,-1.581694412519538906e+00,7.193740731413335310e-02,3.957192947596513299e+00,3.687802456981518429e+00,4.001467227741020150e-01,8.511796217375697804e-01
2.822879810176153015e+01,2.938951616649547294e+00,-3.340879832812659322e-01,-1.575414131587346445e+00,5.398569913607453863e-02,4.049083950378087771e+00,3.953175022887170265e+00,3.994002406582630171e-01,8.519541557485936778e-01
2.832854650494796900e+01,3.038699688092298512e+00,-3.343079402696649272e-01,-1.570852095982511409e+00,3.791321334395864745e-02,4.145325877335633180e+00,4.209692480789446911e+00,3.991969925656652651e-01,8.399146280765943384e-01
2.842829490813440430e+01,3.138447953287847092e+00,-3.341506232468816062e-01,-1.567844260400612644e+00,2.239532955942734327e-02,4.245414801293016183e+00,4.481831456842868100e+00,3.993999128685259969e-01,8.221427518853414718e-01
2.852804331132083959e+01,3.238195625634900043e+00,-3.337629008983232226e-01,-1.566091027262311419e+00,1.444364002834567541e-02,4.349443400870902643e+00,4.623267673308300019e+00,3.998419648776087576e-01,8.070561586488566030e-01
2.862779171450727844e+01,3.337942593532114532e+00,-3.332312911725328619e-01,-1.564938693764424293e+00,8.661163811836449997e-03,4.454209810192085506e+00,4.732371533483903825e+00,4.003837231534308483e-01,8.020902955294828551e-01
2.872754011769371374e+01,3.437689063503419185e+00,-3.326115703911424193e-01,-1.564288747176742156e+00,4.784975838383177457e-03,4.558955805961638852e+00,4.809150771212098441e+00,4.010236347822903613e-01,8.014944385680125016e-01
2.882728852088014904e+01,3.537435237178037095e+00,-3.319441997450688908e-01,-1.563978364801162035e+00,1.438329746561678706e-03,4.662991342575469211e+00,4.881194079754874515e+00,4.017225617197655585e-01,8.008525753297830452e-01
2.892703692406658789e+01,3.637181314282947664e+00,-3.312625184702849279e-01,-1.564001807228160290e+00,-1.908373443743862936e-03,4.766263829366883975e+00,4.864008787172492632e+00,4.024475893389964920e-01,8.001974186765470343e-01
2.902678532725302318e+01,3.736927513493982556e+00,-3.305998246322649492e-01,-1.564359079379811446e+00,-5.255092425192856020e-03,4.866993436439129184e+00,4.770115756829539144e+00,4.031709650511629550e-01,7.995592475364206031e-01
2.912653373043945848e+01,3.836674050454875751e+00,-3.299894165018016357e-01,-1.565050180484799158e+00,-8.601790315338062737e-03,4.963793707423583612e+00,4.669258069380209264e+00,4.037220572259972995e-01,7.989196828810546380e-01
2.922628213362589733e+01,3.936421065395664609e+00,-3.294645926519060297e-01,-1.566075109372096374e+00,-1.194849150136856504e-02,5.056752914947506561e+00,4.561667876939942801e+00,4.041858974414134220e-01,7.983227069416404253e-01
2.932603053681233263e+01,4.036168641272396940e+00,-3.290586518956031270e-01,-1.567433866496342976e+00,-1.529520355716026611e-02,5.145948718750832818e+00,4.447597425302570073e+00,4.045506072492440208e-01,7.981674446013741209e-01
2.942577893999876792e+01,4.135916704201448191e+00,-3.288048937338675648e-01,-1.569126455311729007e+00,-1.864196150897304977e-02,5.231450056952986039e+00,4.327316836976331516e+00,4.047762779707288483e-01,7.992637954375237941e-01
2.952552734318520677e+01,4.235665075705114191e+00,-3.287366180125040338e-01,-1.571152878928566921e+00,-2.198875832685130358e-02,5.313318698095735648e+00,4.201115125395132210e+00,4.048273505219254220e-01,8.101202987063371719e-01
2.962527574637164207e+01,4.335413334563224197e+00,-3.288871248080208476e-01,-1.573513146931625473e+00,-2.533568231903599380e-02,5.391610579247619661e+00,4.069294840325192730e+00,4.047290864617309469e-01,8.273968885204513457e-01
2.972502414955807737e+01,4.435160906663485392e+00,-3.292897141386478821e-01,-1.576207269440387249e+00,-2.868272447416619561e-02,5.466376858860842347e+00,3.932176864400389604e+00,4.043204160566815086e-01,8.468069630404100323e-01
2.982477255274451622e+01,4.534906889433409027e+00,-3.299776848607743895e-01,-1.579235268471578468e+00,-3.203004030719992790e-02,5.537664913086609353e+00,3.790090676129025393e+00,4.036256236388369723e-01,8.475203939449516000e-01
2.992452095593095152e+01,4.634650179934179270e+00,-3.309843347962315163e-01,-1.582597167556548445e+00,-3.537762761767594688e-02,5.605519037108147806e+00,3.643383643535059502e+00,4.026124744212984941e-01,8.485640431852302656e-01
3.002426935911738681e+01,4.734389261619805112e+00,-3.323429579827067992e-01,-1.586293009540234999e+00,-3.872571684639816714e-02,5.669981223660115255e+00,3.492406379424366047e+00,4.012458903866265580e-01,8.499588543420778519e-01
3.012401776230382566e+01,4.834122387184380365e+00,-3.340860780807782260e-01,-1.590294700394650373e+00,-4.138681025880143471e-02,5.731091605960393132e+00,3.362617583374450270e+00,3.994854245893064704e-01,8.517294103513792791e-01
3.022376616549026096e+01,4.933847425237460449e+00,-3.362408990831443623e-01,-1.594548231550764195e+00,-4.389851359607235132e-02,5.789321416612325244e+00,3.235639335736149924e+00,3.973247241718593226e-01,8.539100722583160552e-01
3.032351456867669626e+01,5.033562140835754484e+00,-3.388292412202050241e-01,-1.598938208408563488e+00,-4.364087831505043813e-02,5.844804716917404441e+00,3.211438155144918039e+00,3.947444164932932265e-01,8.565268620265679145e-01
3.042326297186313511e+01,5.133264682914797206e+00,-3.418515990123000559e-01,-1.603249418236188495e+00,-4.280094943119375217e-02,5.899357069606429249e+00,3.210374846534929105e+00,3.923632078360156927e-01,8.595768345056783444e-01
3.052301137504957040e+01,5.232953424092774419e+00,-3.452987915560873922e-01,-1.607447962810146347e+00,-4.126431909078562971e-02,5.953391752930330405e+00,3.237954846644758522e+00,4.007161180474426154e-01,8.630253512516132819e-01
3.062275977823600570e+01,5.332627151632533646e+00,-3.491562722155343579e-01,-1.611480351946418033e+00,-3.958700358692362337e-02,6.007398356605300194e+00,3.273098994419213259e+00,4.157181215919009687e-01,8.668481191745172065e-01
3.072250818142244455e+01,5.432284861943737830e+00,-3.534073077191912104e-01,-1.615345466864204216e+00,-3.791034950258236058e-02,6.061502108493650454e+00,3.310301450396103018e+00,4.310136496545869389e-01,8.710565508548177016e-01
3.082225658460887985e+01,5.531925802466250097e+00,-3.580351684963658521e-01,-1.619043362149754861e+00,-3.623419557264449115e-02,6.115734001635328987e+00,3.349588541646232098e+00,4.263034247666011578e-01,8.756394913521433621e-01
3.092200498779531515e+01,5.631549358260003579e+00,-3.630231309193557854e-01,-1.622574090942155767e+00,-3.455854643670146220e-02,6.170124358185988811e+00,3.390982860925332520e+00,4.212479234475661749e-01,8.805829653187832173e-01
3.102175339098175399e+01,5.731155144378912603e+00,-3.683544825414179491e-01,-1.625937694244592668e+00,-3.288327279565802369e-02,6.224702791836717708e+00,3.434515642801234225e+00,4.158279114708035018e-01,8.858497085480813160e-01
3.112150179416818929e+01,5.830742900705405241e+00,-3.740125172136403164e-01,-1.629134212319701236e+00,-3.120837998276703926e-02,6.279498367614752219e+00,3.480215479200481354e+00,4.100801601710656330e-01,8.913173899762816266e-01
3.122125019735462459e+01,5.930312576155845505e+00,-3.799805403967212447e-01,-1.632163675479699316e+00,-2.953376173850148431e-02,6.334539574623105018e+00,3.528118866058720382e+00,4.040345010992260621e-01,8.970959818361881055e-01
3.132099860054106344e+01,6.029864231807790631e+00,-3.862418639665222142e-01,-1.635026113285981131e+00,-2.785942011251196088e-02,6.389854463815970220e+00,3.578260659199939298e+00,4.013505153862995112e-01,9.031635236965100955e-01
3.142074700372749874e+01,6.129398116793260520e+00,-3.927798113998992036e-01,-1.637721547223484508e+00,-2.618527158059158477e-02,6.445470630033849346e+00,3.630682682927398375e+00,4.052197178093623342e-01,9.094279072576291201e-01
3.152049540691393403e+01,6.228914579888521708e+00,-3.995777124710780948e-01,-1.640249998268451082e+00,-2.451131726070560415e-02,6.501415326129092342e+00,3.685426100036125252e+00,4.145875401106857150e-01,9.159168226966611925e-01
3.162024381010037288e+01,6.328414136887025698e+00,-4.066189081813120221e-01,-1.642611481040090915e+00,-2.283749259808369111e-02,6.557715454326049631e+00,3.742538338597654946e+00,4.246954715228969945e-01,9.226600450538372522e-01
3.171999221328680818e+01,6.427897390843242853e+00,-4.138867455143259710e-01,-1.644806009764989696e+00,-2.116379776019495021e-02,6.614397661630646574e+00,3.802067066692134123e+00,4.171501404627376286e-01,9.296303575625942672e-01
3.181974061647324348e+01,6.527365090730966379e+00,-4.213645819709593843e-01,-1.646833593822804698e+00,-1.949018471129079430e-02,6.671488339464104911e+00,3.864065598569125015e+00,4.119202772462569606e-01,9.247967357162885094e-01
3.191948901965968233e+01,6.626818060531963539e+00,-4.290357805454478868e-01,-1.648694242318447190e+00,-1.781665323829441372e-02,6.729013702626511773e+00,3.928588331006408030e+00,4.128418493565061964e-01,9.124096258211139565e-01
3.201923742284611762e+01,6.726257248978135372e+00,-4.368837137466546339e-01,-1.650387960822860212e+00,-1.614316912563313472e-02,6.786999796355151382e+00,3.995694823361653825e+00,4.228795035778533107e-01,9.098905124822228574e-01
3.211898582603255647e+01,6.825683667680910283e+00,-4.448917589406553019e-01,-1.651914754718407208e+00,-1.446973203025583680e-02,6.845472561644386111e+00,4.065446494017231238e+00,4.391799567151500883e-01,9.101618460385270115e-01
3.221873422921898822e+01,6.925098431754280526e+00,-4.530433017526098172e-01,-1.653274626961975580e+00,-1.279631908812851361e-02,6.904457848684597998e+00,4.137909563411993119e+00,4.409894650726108312e-01,9.173477730540015029e-01
3.231848263240542707e+01,7.024502707184120176e+00,-4.613217319069828903e-01,-1.654467580395612814e+00,-1.112293013262311003e-02,6.963981470913232386e+00,2.367783819182659177e-01,4.488694991025433678e-01,9.254562580806311445e-01
3.241823103559186592e+01,7.123897742125948618e+00,-4.697104459206530858e-01,-1.655493616341026542e+00,-9.449551173962903589e-03,6.967372134329675504e+00,-4.677847868380748508e+00,4.606513959737719710e-01,9.231140596163864842e-01
3.251797943877829766e+01,7.223284823717134095e+00,-4.781928435555348189e-01,-1.656352736053360974e+00,-7.776182254213737273e-03,6.900076720428084620e+00,-4.772600164182893678e+00,4.686840037593287267e-01,9.119891258942901535e-01
3.261772784196473651e+01,7.322665299840697806e+00,-4.867523297284234718e-01,-1.657044939962832641e+00,-6.102816017260455708e-03,6.830734971944412592e+00,-4.863934668211718382e+00,4.819756985649180647e-01,9.103831081039954753e-01
3.271747624515117536e+01,7.422040545586661153e+00,-4.953723116750648470e-01,-1.657570228473620677e+00,-4.429452772877232221e-03,6.759334347717227409e+00,-4.951745099320217669e+00,4.848182711392253763e-01,9.132127360158809326e-01
3.281722464833760711e+01,7.521411975269931993e+00,-5.040362000202935899e-01,-1.657928601651300848e+00,-2.756089569881204921e-03,6.685861462141061473e+00,-5.035930435997485688e+00,4.830752639442641994e-01,9.191176973802634986e-01
3.291697305152404596e+01,7.620781018750914626e+00,-5.127274067346548891e-01,-1.658120059561240200e+00,-1.082726884277204846e-03,6.610301918357855300e+00,-5.116365028512227298e+00,4.864683673751206694e-01,9.270967127359194260e-01
3.301672145471048481e+01,7.720149123493094123e+00,-5.214293453257760058e-01,-1.658144602204412177e+00,5.906359168130643220e-04,6.532640581604002072e+00,-5.056261651091547904e+00,4.990099549996616646e-01,9.167526813892586945e-01
3.311646985789691655e+01,7.819517740955405749e+00,-5.301254296504227526e-01,-1.658002229595195942e+00,2.263998442335824358e-03,6.454973657331308345e+00,-4.979296760699324587e+00,5.019925145992116811e-01,9.080781916757461047e-01
3.321621826108335540e+01,7.918888318470352239e+00,-5.387990732064373844e-01,-1.657692941743042159e+00,3.937360941924774281e-03,6.377564669613221326e+00,-4.905991106632766829e+00,4.936434795476001836e-01,9.081590104600866242e-01
3.331596666426979425e+01,8.018262295926751548e+00,-5.474336888445551219e-01,-1.657216738680086010e+00,5.610723394014794502e-03,6.300365192370345646e+00,-4.836266061027447272e+00,4.852404092984612949e-01,9.139075917249056547e-01
3.341571506745622600e+01,8.117641087253042897e+00,-5.560126871609812893e-01,-1.656573620278410042e+00,7.284087549922596029e-03,6.223325632110807248e+00,-4.770048266798116110e+00,4.769219429679340538e-01,9.223246975029782968e-01
3.351546347064266484e+01,8.217026087601514206e+00,-5.645194771319315130e-01,-1.655763586432471346e+00,8.957454209625776917e-03,6.146395083934701908e+00,-4.707269293559458667e+00,4.686965962870802693e-01,9.221498792653115562e-01
3.361521187382910369e+01,8.316418644191324816e+00,-5.729374636246226116e-01,-1.654786636504279596e+00,1.063082836779758421e-02,6.069521178562148123e+00,-4.647865814783614269e+00,4.604763183990842057e-01,9.126303010407053051e-01
3.371496027701553544e+01,8.415820074250143890e+00,-5.812500489601052367e-01,-1.653642769863308937e+00,1.230421238274615262e-02,5.992649910558392357e+00,-4.591779101573241206e+00,4.522951049649516220e-01,9.061229210706678305e-01
3.381470868020197429e+01,8.515231625067587018e+00,-5.894406295892445913e-01,-1.652331984756074901e+00,1.397761588937117619e-02,5.915725457133886422e+00,-4.538955451410488173e+00,4.442292856453502470e-01,9.079588472579710468e-01
3.391445708338841314e+01,8.614654502796122770e+00,-5.974925985565319175e-01,-1.650854279457589779e+00,1.565104292318109103e-02,5.838689970135147789e+00,-4.489345404669151662e+00,4.362868123942230669e-01,9.160919978401382835e-01
3.401420548657484488e+01,8.714089821190526663e+00,-6.053893413842036386e-01,-1.649209650307829511e+00,1.732451003319934388e-02,5.761483359033555907e+00,-4.442904475159063615e+00,4.284979424449569252e-01,9.240431618009010695e-01
3.411395388976128373e+01,8.813538641970479759e+00,-6.131142394275266305e-01,-1.647398093552185916e+00,1.899802556143108390e-02,5.684043036660312076e+00,-4.399592281482005873e+00,4.208648776405880532e-01,9.318542813974680650e-01
3.421370229294772258e+01,8.913001913095557782e+00,-6.206506651259223739e-01,-1.645419602500103551e+00,2.067161141484778752e-02,5.606303651525500698e+00,-4.359373483641289404e+00,4.133437090408563774e-01,9.394588027409577213e-01
3.431345069613415433e+01,9.012480519140117607e+00,-6.279819860677077203e-01,-1.643274170698020731e+00,2.234527581431698315e-02,5.528196771582500446e+00,-4.322216196694224521e+00,4.060330913569217826e-01,9.468221329064027136e-01
3.441319909932059318e+01,9.111975204823043128e+00,-6.350915594563194544e-01,-1.640961787355141421e+00,2.401905782661384325e-02,5.449650559223183421e+00,-4.246050069685773032e+00,3.989408735195987266e-01,9.539397240494196240e-01
3.451294750250703203e+01,9.211486768814907578e+00,-6.419608282898492391e-01,-1.638421243964480079e+00,2.699803254946818790e-02,5.371370196610908643e+00,-4.172471856165149262e+00,3.933633965195790227e-01,9.608089386332510085e-01
3.461269590569346377e+01,9.311016466369025579e+00,-6.485620859306810981e-01,-1.635575514260300567e+00,3.006011978577451810e-02,5.293318711267470000e+00,-3.944147421132926379e+00,3.920676856129624022e-01,9.674280109709749720e-01
3.471244430887990262e+01,9.410566037167708231e+00,-6.548571095938449105e-01,-1.632176657759402127e+00,3.837401033355597457e-02,5.218465115785911657e+00,-3.719309758568009272e+00,3.989332010871405321e-01,9.737183724521835115e-01
3.481219271206634147e+01,9.510138850946436406e+00,-6.607710283418973818e-01,-1.627919187381745791e+00,4.699017241640652404e-02,5.146881361167038982e+00,-3.467892015602059619e+00,4.133877231749485404e-01,9.796065019846001976e-01
3.491194111525277322e+01,9.609738484767465394e+00,-6.662161928983419967e-01,-1.622739600745630284e+00,5.692787179115526425e-02,5.079227733028920611e+00,-3.226410898240343439e+00,4.172037710443540770e-01,9.850237138987297802e-01
3.501168951843921207e+01,9.709367239761236945e+00,-6.710956884116443533e-01,-1.616562030197498334e+00,6.693529451289456644e-02,5.015465650737178649e+00,-2.995408934835311676e+00,4.122975106860792271e-01,9.898818353859867303e-01
3.511143792162565092e+01,9.809026467452213183e+00,-6.753098930766882058e-01,-1.609386144938233842e+00,7.694540435540270229e-02,4.955534398775180094e+00,-2.773471818448619342e+00,4.080015236099788778e-01,9.940298640909028816e-01
3.521118632481208266e+01,9.908714850800638629e+00,-6.787590657857907050e-01,-1.601211512045992880e+00,8.696006497245317712e-02,4.899390003571714836e+00,-2.559249453578304134e+00,4.044775965730056932e-01,9.973924244028299357e-01
3.531093472799852151e+01,1.000842954803494678e+01,-6.813434093058374774e-01,-1.592037702542991040e+00,9.698082245317138361e-02,4.847005293415517002e+00,-2.351393405145704829e+00,4.018522270672803542e-01,9.999216207897837494e-01
3.541068313118496036e+01,1.010816425911182037e+01,-6.829630256603050897e-01,-1.581863838249845555e+00,1.070107021014474885e-01,4.798371061052409736e+00,-2.148595149040301688e+00,4.001998173602906994e-01,9.849381920108706279e-01
3.551043153437139210e+01,1.020791075546740956e+01,-6.835179792849560565e-01,-1.570689040391424207e+00,1.170522436786847892e-01,4.753496288956525540e+00,-1.949511246333891501e+00,3.996173859753372470e-01,9.691077258886107160e-01
3.561017993755783095e+01,1.030765654604377524e+01,-6.829082927068821363e-01,-1.558511748471314684e+00,1.271098119878757149e-01,4.712409755262358502e+00,-1.752811589998888531e+00,4.002090058208986334e-01,9.566384091161264092e-01
3.570992834074426980e+01,1.040738680150989737e+01,-6.810339928300522816e-01,-1.545330405528684281e+00,1.371871145028305261e-01,4.675160466456065755e+00,-1.557088328277494549e+00,4.029598200632337757e-01,9.484062260023153890e-01
3.580967674393070865e+01,1.050708161787305706e+01,-6.777951756710350883e-01,-1.531142490713269799e+00,1.472901592140002935e-01,4.641819819680838677e+00,-1.360913710948091104e+00,4.096861355753478873e-01,9.451132308708386498e-01
3.590942514711714040e+01,1.060671833716751244e+01,-6.730920126014855454e-01,-1.515945483563930107e+00,1.574241939536878410e-01,4.612482335933512090e+00,-1.162738300437737626e+00,4.297205471834865120e-01,9.404367637601321883e-01
3.600917355030357925e+01,1.070626839869305869e+01,-6.668249171758250382e-01,-1.499735562948556922e+00,1.675970316211667088e-01,4.587268328941954465e+00,-9.609450224532535278e-01,4.566622288260578921e-01,9.341857573774716705e-01
3.610892195349001810e+01,1.080570006246698611e+01,-6.588944839914117058e-01,-1.482508906143072958e+00,1.778158653379698639e-01,4.566325137201092232e+00,-7.537456646293945184e-01,4.735991528844574194e-01,9.262847356848723512e-01
3.620867035667644984e+01,1.090497483560034020e+01,-6.492017973895740646e-01,-1.464259993569993146e+00,1.880904825786917367e-01,4.549830261199160120e+00,-5.392159414980328691e-01,4.833233532387013476e-01,9.166314921906971724e-01
3.630841875986288869e+01,1.100405060705555726e+01,-6.376482701227899064e-01,-1.444983302875161080e+00,1.984304892959063982e-01,4.537993339290992800e+00,-3.151997965725044648e-01,4.949257296175149090e-01,9.075332651650540594e-01
3.640816716304932754e+01,1.110287763160169305e+01,-6.241361414510995242e-01,-1.424671151287614679e+00,2.088478344775313300e-01,4.531059720933263257e+00,-7.930632727822486960e-02,5.084980058142261061e-01,8.993028591183361842e-01
3.650791556623575929e+01,1.120140208813834981e+01,-6.085681765370885010e-01,-1.403315851897055655e+00,2.193551065235548325e-01,4.529313506001395595e+00,-3.561663830681567333e+01,5.241799295271630799e-01,8.986802377402116626e-01
